,Kho trung tam Vinh,Khach hang 01,Khach hang 02,Khach hang 03,Khach hang 04,Khach hang 05,Khach hang 06,Khach hang 07,Khach hang 08,Khach hang 09,Khach hang 10,Khach hang 11,Khach hang 12,Khach hang 13,Khach hang 14,Khach hang 15,Khach hang 16,Khach hang 17,Khach hang 18,Khach hang 19,Khach hang 20,Khach hang 21,Khach hang 22,Khach hang 23,Khach hang 24,Khach hang 25,Khach hang 26,Khach hang 27,Khach hang 28,Khach hang 29,Khach hang 30,Khach hang 31,Khach hang 32,Khach hang 33,Khach hang 34,Khach hang 35,Khach hang 36,Khach hang 37,Khach hang 38,Khach hang 39,Khach hang 40,Khach hang 41,Khach hang 42,Khach hang 43,Khach hang 44,Khach hang 45,Khach hang 46,Khach hang 47,Khach hang 48,Khach hang 49,Khach hang 50,Khach hang 51,Khach hang 52,Khach hang 53,Khach hang 54,Khach hang 55,Khach hang 56,Khach hang 57,Khach hang 58,Khach hang 59,Khach hang 60,Khach hang 61,Khach hang 62,Khach hang 63,Khach hang 64,Khach hang 65,Khach hang 66,Khach hang 67,Khach hang 68,Khach hang 69,Khach hang 70,Khach hang 71,Khach hang 72,Khach hang 73,Khach hang 74,Khach hang 75,Khach hang 76,Khach hang 77,Khach hang 78,Khach hang 79,Khach hang 80,Khach hang 81,Khach hang 82,Khach hang 83,Khach hang 84,Khach hang 85,Khach hang 86,Khach hang 87,Khach hang 88,Khach hang 89,Khach hang 90,Khach hang 91,Khach hang 92,Khach hang 93,Khach hang 94,Khach hang 95,Khach hang 96,Khach hang 97,Khach hang 98,Khach hang 99,Khach hang 100
Kho trung tam Vinh,0.0000,4.6092,11.1546,7.6330,9.5416,6.7660,5.8291,6.9662,0.6501,1.8515,5.2512,9.0057,5.9630,12.8587,3.1120,11.2752,11.1808,5.1597,8.4690,8.6290,14.0438,7.1412,9.8112,7.2754,3.8825,15.7539,6.8127,2.5888,16.3129,7.7302,6.8461,8.6211,16.3129,6.1365,4.3840,2.2124,8.6805,9.8522,9.8112,4.3189,8.6264,14.8142,12.1333,7.5301,10.9443,5.1060,6.8435,14.8670,4.1400,6.1315,6.3174,3.9213,3.8452,6.3288,9.5707,16.3129,14.4493,4.2308,15.8783,7.8361,15.5226,16.3910,9.3229,7.7302,2.7856,4.0735,8.1208,9.8112,9.8522,15.6197,11.0823,12.8334,13.0887,14.1183,5.9882,5.5065,6.0008,7.8638,2.0890,8.0605,12.2845,5.5771,0.9827,4.4478,2.7053,7.3983,3.1673,1.3902,11.8262,15.7539,7.8361,5.0084,4.0425,15.7723,13.6506,4.6107,9.8522,5.7958,3.7747,15.0374,6.4859
Khach hang 01,4.5943,0.0000,13.1349,10.7434,12.7582,7.3934,7.6062,8.7433,4.1192,2.8774,3.1611,12.1161,3.4005,16.6910,1.8322,13.0523,12.9578,8.5548,11.5794,10.4060,17.8761,9.9840,12.5457,11.1077,4.1866,19.5862,9.8550,2.0716,20.1452,9.5072,9.5806,9.2486,20.1452,8.9554,6.1611,6.0447,10.4575,13.0688,12.5457,8.1123,10.4034,18.6465,14.8429,11.3624,12.7214,4.8763,8.4807,18.6993,2.3334,7.9086,6.9449,6.2525,2.6088,6.9563,12.3051,20.1452,18.2815,2.5650,19.7106,9.3417,19.3549,20.2233,12.5395,9.5072,4.4303,7.6383,9.8979,12.5457,13.0688,19.4520,12.8593,16.6657,16.9210,17.9506,9.2048,8.1265,5.7712,11.6961,4.3122,10.7949,16.1167,9.4094,5.2838,6.4470,4.3500,9.1753,6.9996,4.9590,15.6585,19.5862,9.3417,1.6305,4.5615,19.6046,17.4829,7.2512,13.0688,8.4159,1.3283,18.8697,3.9233
Khach hang 02,10.2388,13.1801,0.0000,8.1253,6.3710,12.1083,5.7645,4.5947,11.6139,11.3683,15.1957,9.4980,15.9076,4.1135,12.8560,3.1138,3.0193,7.4676,8.9613,7.5386,5.2986,5.7640,11.9988,5.5892,14.1780,7.0087,11.4422,11.6482,7.5677,6.1880,11.5828,12.2686,7.5677,5.5403,8.2519,8.8893,7.3408,6.2485,11.9988,7.0565,7.3699,6.0691,2.2137,3.9496,2.7828,12.0292,11.5204,6.1219,12.1214,10.2757,11.6597,11.5707,11.5589,11.6711,11.7190,7.5677,5.7041,14.1531,7.1332,10.5192,6.7775,7.6458,6.1523,6.1880,13.0811,7.1893,7.8011,11.9988,6.2485,6.8745,2.9208,4.0882,3.7442,5.3732,6.4752,10.1833,11.1344,2.5613,9.5404,10.7103,3.5393,4.7454,9.3020,8.0443,11.4946,6.2019,8.9870,9.3177,3.0810,7.0087,10.5192,14.5523,11.2979,7.0272,4.9054,7.2666,6.2485,10.4727,12.3456,6.2922,16.4304
Khach hang 03,7.6089,10.7896,9.1046,0.0000,3.4518,11.4090,7.6102,7.9309,7.5857,9.3993,11.2216,1.5359,11.9335,10.8087,9.0825,10.0223,9.9278,2.5311,0.9992,11.5374,11.9938,7.0056,4.0367,4.7693,9.8278,13.7039,3.5213,9.4199,14.2629,8.9121,5.5700,13.2641,14.2629,7.3123,7.5526,5.1254,10.4615,3.7623,4.0367,5.4947,10.4074,12.7643,10.0834,4.2288,9.6913,11.3299,6.5839,12.8171,10.8527,9.5765,10.9604,6.2055,10.5579,10.9718,3.7569,14.2629,12.3993,10.2013,13.8284,12.4792,13.4727,14.3410,3.2331,8.9121,7.6777,5.2493,9.9019,4.0367,3.7623,13.5697,9.8293,10.7834,11.0388,12.0684,1.7690,5.2468,10.4351,5.8138,8.8016,2.7482,10.2345,6.7529,6.6721,5.6236,8.1418,9.1793,4.6274,6.6878,9.7762,13.7039,12.4792,10.9789,10.2336,13.7224,11.6007,5.7865,3.7623,5.5362,9.9567,12.9874,12.4564
Khach hang 04,9.5176,12.8044,7.3503,3.4518,0.0000,13.3176,6.5531,5.3832,9.8965,11.3080,13.2365,4.7422,13.9484,9.0544,11.0973,8.2679,8.1734,4.5459,4.0177,11.3029,10.2395,5.2513,7.2429,4.7194,11.8426,11.9496,6.7276,11.4348,12.5086,6.8963,8.6611,15.1727,12.5086,5.5965,9.4613,7.1402,8.7950,0.7479,7.2429,7.4034,8.7409,11.0099,8.3290,2.9106,7.9370,13.2386,8.5987,11.0627,12.7613,11.4851,12.8691,8.2203,12.4665,12.8805,6.9632,12.5086,10.6449,12.2161,12.0740,14.3878,11.7183,12.5867,0.2187,6.8963,9.6926,7.1580,8.6871,7.2429,0.7479,11.8154,8.0750,9.0291,9.2844,10.3140,3.5535,7.2616,12.3437,4.0595,10.7103,5.9545,8.4801,4.7904,8.5807,7.5322,10.1566,7.0832,6.6422,8.5964,8.0219,11.9496,14.3878,12.9937,12.1422,11.9680,9.8463,7.6952,0.7479,7.5510,11.9715,11.2330,14.4712
Khach hang 05,6.7713,7.3927,12.0934,11.3941,13.3028,0.0000,6.5647,7.7018,7.0173,6.1993,10.0266,12.7669,9.7546,15.7012,7.4275,8.7131,8.8075,9.7970,12.2301,3.8125,16.8863,8.9424,15.2676,11.0365,9.5532,18.5964,12.8349,6.4791,19.1554,6.8349,12.9755,1.9239,19.1554,7.9139,4.5850,8.9121,4.2600,13.6133,15.2676,7.0708,4.3141,17.6568,13.8014,11.2913,9.0440,2.5171,12.8657,17.7096,5.4555,2.0420,0.4486,10.1796,5.0246,0.4600,14.9879,19.1554,17.2918,8.9840,18.7209,1.9585,18.3652,19.2335,13.0841,6.8349,8.4844,6.9618,5.8918,15.2676,13.6133,18.4622,8.9060,15.6759,15.3482,16.9609,9.7493,11.5286,1.6223,11.6250,4.9438,13.9792,15.1270,8.6760,6.5001,6.2995,8.4042,6.6441,9.0098,8.2295,14.6687,18.5964,1.9585,8.7649,5.1684,18.6149,16.4932,6.2097,13.6133,11.8180,6.5582,17.8799,10.2774
Khach hang 06,5.8392,7.6514,5.7645,7.6102,6.5531,6.5795,0.0000,1.3728,6.0852,5.8396,9.6669,8.9829,10.3788,9.3723,7.3273,5.6818,5.5874,6.0130,8.4461,5.1115,10.5574,2.6135,11.4836,5.7714,8.6492,12.2675,9.0509,6.1194,12.8265,2.1368,9.1915,8.4346,12.8265,1.5850,2.7232,5.1282,4.0356,6.4307,11.4836,1.6796,3.9814,11.3279,7.4725,4.1317,5.3509,6.5004,9.0817,11.3807,6.5927,4.7470,6.1309,7.8096,6.0301,6.1423,11.2039,12.8265,10.9629,8.6243,12.3920,7.6497,12.0363,12.9046,6.3344,2.1368,7.5523,1.8124,3.5585,11.4836,6.4307,12.1333,5.4889,9.3470,9.0193,10.6320,5.9653,7.7447,5.6056,4.2539,4.0117,10.1952,8.7981,2.3194,4.8244,2.5156,7.4721,2.2585,5.2258,5.5566,8.3398,12.2675,7.6497,9.0236,5.7691,12.2860,10.1642,1.7378,6.4307,8.0340,6.8169,11.5510,10.9017
Khach hang 07,6.9763,8.7885,4.5947,7.9309,5.3832,7.7166,1.3728,0.0000,7.2222,6.9767,10.8040,9.3036,11.5159,8.2025,8.4644,4.5120,4.4175,6.3338,8.7669,4.7903,9.3875,1.7290,11.8043,4.6015,9.7863,11.0977,9.3716,7.2565,11.6567,1.8156,9.5122,9.5717,11.6567,1.2809,3.8603,5.4489,3.7144,5.2608,11.8043,2.6648,3.6602,10.1580,6.3026,2.9619,4.1811,7.6375,9.4025,10.2108,7.7298,5.8841,7.2680,8.1303,7.1672,7.2794,11.5246,11.6567,9.7930,9.7614,11.2221,8.7868,10.8664,11.7347,5.1646,1.8156,8.6894,2.7976,3.6064,11.8043,5.2608,10.9634,4.3190,8.1772,7.8494,9.4621,6.2861,8.0654,6.7427,3.0840,5.1488,10.5159,7.6282,2.0153,5.8616,3.6526,8.6092,2.0026,5.5466,5.8773,7.1699,11.0977,8.7868,10.1607,6.9062,11.1161,8.9944,2.8749,5.2608,8.3547,7.9540,10.3811,12.0388
Khach hang 08,0.6501,4.1341,11.5335,7.5294,9.5442,7.0220,6.0852,7.2222,0.0000,1.8814,4.7760,8.9021,5.4879,13.2376,2.6369,11.5312,11.4368,5.3408,8.3654,8.8850,14.4227,7.5201,9.3317,7.6543,3.4073,16.1328,6.6410,2.1137,16.6918,7.9862,6.3665,8.8771,16.6918,6.5154,4.6400,2.5913,8.9365,9.8547,9.3317,4.6978,8.8824,15.1931,12.5122,7.9090,11.2003,5.3191,6.2495,15.2459,3.6624,6.3876,6.5734,3.4417,3.6502,6.5848,9.0911,16.6918,14.8282,3.7557,16.2572,8.0922,15.9015,16.7699,9.3255,7.9862,2.3104,4.4524,8.3769,9.3317,9.8547,15.9986,11.3383,13.2123,13.4676,14.4973,5.9907,4.9125,6.2140,8.2427,2.3450,7.5809,12.6634,5.9560,1.3616,4.8267,2.2302,7.6543,3.5462,1.7450,12.2051,16.1328,8.0922,4.5333,4.2985,16.1512,14.0295,4.9896,9.8547,5.2018,3.2996,15.4163,6.0108
Khach hang 09,1.8515,2.8923,11.1875,9.4280,11.3366,6.1800,5.6587,6.7958,1.8814,0.0000,4.4194,10.8007,5.1312,14.6537,2.0797,11.1048,11.0104,6.9548,10.2640,8.4585,15.8388,8.0365,10.9337,9.0704,3.9459,17.5489,8.2430,0.8719,18.1079,7.5598,7.9685,8.0352,18.1079,7.0079,4.2136,4.0074,8.5101,11.6472,10.9337,6.1139,8.4560,16.6092,12.8955,9.3251,10.7739,3.6629,8.2400,16.6620,2.1607,5.9611,5.7315,5.0438,2.1485,5.7429,10.6931,18.1079,16.2443,3.3767,17.6733,8.1283,17.3176,18.1860,11.1179,7.5598,3.3486,5.8685,7.9504,10.9337,11.6472,17.4147,10.9119,14.6284,14.8837,15.9134,7.7832,6.5145,4.5578,9.6588,2.0982,9.1829,14.0795,7.3721,2.7777,4.4996,3.2684,7.2278,4.9623,3.3470,13.6212,17.5489,8.1283,4.1543,2.8269,17.5673,15.4456,5.3038,11.6472,6.8038,2.0578,16.8324,5.6541
Khach hang 10,5.2852,3.2355,15.4867,11.2433,13.2581,10.0443,9.7359,10.8730,4.8100,4.4563,0.0000,12.6160,1.1617,17.1908,2.2743,15.1820,15.0875,9.0547,12.0793,12.5357,18.3759,12.1137,13.0455,11.6075,1.7598,20.0860,10.3548,3.8008,20.6450,11.6369,10.0804,11.8994,20.6450,11.0851,8.2908,6.5445,12.5873,13.5686,13.0455,8.6510,12.5331,19.1464,16.4655,11.8623,14.8511,7.5272,6.9547,19.1992,4.8976,10.0383,9.5958,4.8292,5.1730,9.6072,12.8050,20.6450,18.7814,1.5045,20.2105,11.9926,19.8548,20.7231,13.0394,11.6369,3.0070,8.4056,12.0276,13.0455,13.5686,19.9518,14.9891,17.1655,17.4209,18.4505,9.7046,6.8246,8.4220,12.1959,6.2721,11.2948,16.6166,9.9092,6.1689,8.5768,3.1373,11.3050,7.4994,5.4589,16.1583,20.0860,11.9926,1.6693,6.6912,20.1045,17.9827,8.9428,13.5686,7.1140,3.0135,19.3695,1.6845
Khach hang 11,8.9817,12.1623,10.4774,1.5359,4.7422,12.7817,8.9829,9.3036,8.9584,10.7721,12.5944,0.0000,13.3063,12.1815,10.4552,11.3950,11.3005,3.9039,0.6927,12.9102,13.3665,8.3783,3.6980,6.1421,11.2005,15.0767,3.1826,10.7927,15.6357,10.2849,5.2313,14.6368,15.6357,8.6850,8.9254,6.4981,11.8342,5.0527,3.6980,6.8674,11.7801,14.1370,11.4561,5.6015,11.0641,12.7026,7.9566,14.1898,12.2254,10.9492,12.3331,7.5782,11.9306,12.3445,3.4183,15.6357,13.7720,11.5741,15.2011,13.8519,14.8454,15.7137,4.5235,10.2849,9.0505,6.6220,11.2746,3.6980,5.0527,14.9424,11.2020,12.1561,12.4115,13.4411,3.1417,6.6195,11.8078,7.1866,10.1744,2.4095,11.6072,8.1256,8.0448,6.9963,9.5145,10.5520,6.0001,8.0605,11.1489,15.0767,13.8519,12.3517,11.6063,15.0951,12.9734,7.1592,5.0527,6.9089,11.3295,14.3601,13.8291
Khach hang 12,5.9688,3.2857,16.1703,11.9269,13.9417,10.0079,10.2206,11.3577,5.4937,5.1399,1.1334,13.2996,0.0000,17.8744,2.9579,15.6667,15.5722,9.7383,12.7629,13.0204,19.0595,12.5984,13.7291,12.2911,2.4434,20.7696,11.0384,4.4844,21.3286,12.1216,10.7640,11.8630,21.3286,11.5698,8.7755,7.2281,13.0720,14.2522,13.7291,9.3346,13.0178,19.8300,17.1491,12.5459,15.3358,7.4908,7.6383,19.8828,4.9478,10.5230,9.5593,5.5128,5.2232,9.5707,13.4886,21.3286,19.4650,2.1881,20.8941,11.9562,20.5384,21.4067,13.7230,12.1216,3.6906,9.0892,12.5123,13.7291,14.2522,20.6354,15.4738,17.8491,18.1045,19.1341,10.3882,7.5082,8.3856,12.8795,6.9557,11.9784,17.3002,10.5928,6.8525,9.0615,3.8209,11.7897,8.1831,6.1425,16.8419,20.7696,11.9562,1.7195,7.1759,20.7881,18.6663,9.6264,14.2522,7.7976,3.5815,20.0531,1.3986
Khach hang 13,15.0414,16.8536,4.2012,12.1534,10.3991,15.7817,9.4380,8.2681,15.2874,15.0418,18.8692,13.5261,19.5811,0.0000,16.5295,6.7702,6.6757,11.4957,12.9894,11.1951,1.1851,9.4375,16.0269,9.6173,17.8515,6.5955,17.4368,15.3217,7.1545,9.8444,17.5774,15.9251,7.1545,9.2138,11.9254,13.5140,10.9972,10.2766,16.0269,10.7300,11.0263,5.6558,2.0406,7.9777,6.4393,15.7026,17.4676,2.0083,15.7949,13.9492,15.3332,16.1955,15.2323,15.3446,15.7471,7.1545,5.2909,17.8266,5.5031,14.1756,2.9234,7.2326,10.1804,9.8444,16.7546,10.8628,11.4576,16.0269,10.2766,6.4613,6.5773,0.1146,0.3699,1.2597,10.5033,16.1305,14.8078,6.5894,13.2139,14.7384,3.5188,9.8437,13.9267,11.7178,16.6743,9.8584,13.6117,13.9424,2.4981,6.5955,14.1756,18.2258,14.9713,2.9052,2.1733,10.9400,10.2766,16.4199,16.0191,3.1145,20.1039
Khach hang 14,3.0962,1.8761,13.2978,9.0543,11.0691,7.6171,7.3087,8.4458,2.6211,2.0291,2.2639,10.4270,2.9758,15.0019,0.0000,12.7548,12.6603,6.8657,9.8903,10.1085,16.1870,9.6865,10.8566,9.4186,2.4976,17.8971,8.1659,1.3736,18.4561,9.2097,7.8915,9.4722,18.4561,8.6579,5.8636,4.3556,10.1601,11.3797,10.8566,6.4621,10.1059,16.9574,14.2765,9.6733,12.4239,5.1000,6.7916,17.0102,3.2649,7.6111,7.1686,4.5634,3.2527,7.1800,10.6160,18.4561,16.5925,1.2879,18.0215,9.5654,17.6658,18.5342,10.8504,9.2097,2.7412,6.2167,9.6004,10.8566,11.3797,17.7629,12.5619,14.9766,15.2319,16.2615,7.5157,6.4374,5.9949,10.0070,4.0147,9.1058,14.4276,7.7203,3.9800,6.1496,2.6609,8.8778,5.3105,3.2699,13.9694,17.8971,9.5654,2.0655,4.2640,17.9155,15.7938,6.7539,11.3797,6.7268,1.1324,17.1806,3.4986
Khach hang 15,11.2853,13.0975,3.1138,10.0223,8.2679,8.7120,5.6818,4.5120,11.5312,11.2857,15.1130,11.3950,15.8249,6.7759,12.7734,0.0000,0.0945,10.6428,10.8582,4.4249,7.9610,5.6814,13.8957,7.4862,14.0953,9.6711,13.6806,11.5655,10.2301,3.0742,13.8212,9.1549,10.2301,5.4576,5.8908,9.7579,4.2270,8.1454,13.8957,6.9738,4.2561,8.7314,4.8761,5.8465,0.3309,10.6470,13.7115,8.7842,12.0388,8.5909,8.3732,12.4393,11.4762,8.3618,13.6160,10.2301,8.3665,14.0704,9.7955,7.4054,9.4399,10.3082,8.0492,3.0742,12.9984,7.1066,4.6874,13.8957,8.1454,9.5369,0.1929,6.7506,6.1890,8.0356,8.3721,12.3744,9.7522,4.6896,9.4578,12.6073,6.2017,6.0875,10.1706,7.9616,12.9182,3.0882,9.8556,10.1863,5.7434,9.6711,7.4054,14.4697,11.2152,9.6895,7.5678,7.1839,8.1454,12.6637,12.2630,8.9546,16.3478
Khach hang 16,11.1909,13.0030,3.0193,9.9278,8.1734,8.8065,5.5874,4.4175,11.4368,11.1912,15.0186,11.3005,15.7305,6.6814,12.6789,0.0945,0.0000,10.5483,10.7638,4.5193,7.8665,5.5869,13.8013,7.3917,14.0009,9.5767,13.5862,11.4711,10.1357,3.1687,13.7268,9.2493,10.1357,5.3632,5.9852,9.6634,4.3215,8.0510,13.8013,6.8794,4.3506,8.6370,4.7816,5.7521,0.2365,10.7414,13.6170,8.6898,11.9443,8.6854,8.4676,12.3449,11.3818,8.4562,13.5215,10.1357,8.2720,13.9760,9.7011,7.4999,9.3454,10.2137,7.9548,3.1687,12.9040,7.0122,4.7818,13.8013,8.0510,9.4424,0.0985,6.6561,6.0945,7.9411,8.2776,12.2799,9.8466,4.5951,9.3633,12.5128,6.1072,5.9931,10.0761,7.8672,12.8237,3.1827,9.7611,10.0918,5.6489,9.5767,7.4999,14.3752,11.1207,9.5951,7.4734,7.0894,8.0510,12.5693,12.1685,8.8601,16.2533
Khach hang 17,5.1536,8.6009,8.4469,2.5311,4.5459,9.8118,6.0130,6.3338,5.3971,6.9440,9.0330,3.9039,9.7449,10.1510,6.8938,10.6428,10.5483,0.0000,3.3671,9.9403,11.3361,6.3479,6.4046,3.2800,7.6392,13.0463,4.3171,7.2313,13.6053,7.3150,4.4576,11.6670,13.6053,5.7152,5.9555,2.9368,8.8644,4.8565,6.4046,3.8976,8.8103,12.1066,9.4257,3.5711,10.3118,9.3633,4.3953,12.1594,8.3973,7.9793,9.3633,4.0168,8.1025,9.3747,6.1249,13.6053,11.7416,8.0127,13.1707,10.8820,12.8150,13.6833,4.3273,7.3150,5.4891,3.6522,8.3047,6.4046,4.8565,12.9120,10.4498,10.1257,10.3811,11.4107,0.9925,3.0582,8.8379,5.1562,6.3463,5.1162,9.5768,5.1558,3.9907,4.0265,5.9532,7.5821,2.4388,4.2324,9.1185,13.0463,10.8820,8.7903,8.2998,13.0647,10.9430,4.1894,4.8565,3.3476,7.7681,12.3297,10.2677
Khach hang 18,8.4449,11.6255,9.9406,0.9992,4.0177,12.2450,8.4461,8.7669,8.4217,10.2353,12.0576,0.6927,12.7695,11.6447,9.9184,10.8582,10.7638,3.3671,0.0000,12.3734,12.8298,7.8416,3.3906,5.6053,10.6638,14.5399,2.8753,10.2559,15.0989,9.7481,4.9240,14.1001,15.0989,8.1483,8.3886,5.9614,11.2975,4.3282,3.3906,6.3307,11.2434,13.6003,10.9193,5.0648,10.5273,12.1659,7.4199,13.6531,11.6886,10.4124,11.7964,7.0414,11.3938,11.8078,3.1109,15.0989,13.2353,11.0373,14.6644,13.3151,14.3087,15.1770,3.7990,9.7481,8.5137,6.0853,10.7378,3.3906,4.3282,14.4057,10.6653,11.6194,11.8748,12.9044,2.6050,6.0828,11.2711,6.6498,9.6376,2.1022,11.0705,7.5889,7.5081,6.4596,8.9778,10.0152,5.4634,7.5238,10.6122,14.5399,13.3151,11.8149,11.0695,14.5584,12.4366,6.6225,4.3282,6.3722,10.7927,13.8234,13.2923
Khach hang 19,8.5107,10.5030,7.5386,11.5374,11.3029,3.6925,5.1115,4.7903,8.7566,8.5110,12.3384,12.9102,13.0503,11.2008,9.9987,4.4249,4.5193,9.9403,12.3734,0.0000,12.3859,8.3097,15.4109,10.5212,11.3207,14.0960,12.9782,8.7909,14.6550,2.9747,13.1188,4.2711,14.6550,8.0860,6.3243,9.0554,1.0759,11.1804,15.4109,6.5245,1.1301,13.1563,9.3009,8.8815,4.7558,5.6275,13.0090,13.2091,8.5659,3.5714,3.3537,11.9189,8.1350,3.3423,15.1312,14.6550,12.7913,11.2958,14.2204,2.4773,13.8647,14.7331,11.0842,2.9747,10.2238,6.6573,2.7077,15.4109,11.1804,13.9618,4.6178,11.1755,10.6138,12.4604,9.8926,11.6719,4.7327,8.0249,6.6831,14.1225,10.6265,8.7159,8.2394,6.4428,10.1435,2.9479,9.1531,9.9688,10.1683,14.0960,2.4773,11.8753,8.2788,14.1144,11.9927,6.0954,11.1804,11.9613,9.6685,13.3794,13.5731
Khach hang 20,15.0605,16.8727,4.2202,12.1725,10.4181,15.8008,9.4571,8.2872,15.3065,15.0609,18.8882,13.5452,19.6001,0.1566,16.5486,6.7893,6.6948,11.5148,13.0085,11.2141,0.0000,9.4566,16.0459,9.6364,17.8705,7.0074,17.4559,15.3407,7.5664,9.8635,17.5964,15.9442,7.5664,9.2329,11.9445,13.5331,11.0163,10.2957,16.0459,10.7491,11.0454,6.0677,2.0977,7.9968,6.4584,15.7217,17.4867,2.1650,15.8140,13.9683,15.3522,16.2145,15.2514,15.3636,15.7662,7.5664,5.7027,17.8456,5.6598,14.1947,3.0801,7.6444,10.1994,9.8635,16.7736,10.8818,11.4767,16.0459,10.2957,6.8731,6.5963,0.1717,0.4270,1.4163,10.5223,16.1496,14.8269,6.6085,13.2330,14.7575,3.5379,9.8627,13.9458,11.7369,16.6934,9.8775,13.6308,13.9615,2.5171,7.0074,14.1947,18.2449,14.9904,3.0619,2.3300,10.9591,10.2957,16.4389,16.0382,3.2711,20.1230
Khach hang 21,8.2170,10.0291,5.7640,6.9835,5.2291,8.9573,2.6135,1.7290,8.4629,8.2174,12.0447,8.3562,12.7566,8.1363,9.7051,5.6814,5.5869,6.3258,7.8195,8.3097,9.3214,0.0000,10.8569,4.4474,11.0270,11.0315,10.6123,8.4972,11.5905,3.3911,10.7529,10.8124,11.5905,1.8088,5.1009,6.6896,5.2899,5.1067,10.8569,3.9055,5.2357,10.0918,7.4109,2.8077,5.3505,8.8782,10.6431,10.1446,8.9704,7.1248,8.5087,9.3710,8.4079,8.5201,10.5772,11.5905,9.7269,11.0021,11.1559,10.0274,10.8002,11.6686,5.0104,3.3911,9.9301,4.0383,5.1819,10.8569,5.1067,10.8973,5.4884,8.1110,8.3663,9.3960,5.3333,9.3061,7.9834,3.0972,6.3894,9.5685,7.5621,1.5641,7.1023,4.8933,9.8499,3.5781,6.7873,7.1180,7.1038,11.0315,10.0274,11.4013,8.1469,11.0499,8.9282,4.1156,5.1067,9.5954,9.1946,10.3150,13.2794
Khach hang 22,9.8314,12.9606,12.9781,4.0367,7.2429,15.2824,11.4836,11.8043,9.7567,11.6218,13.3926,3.6980,14.1045,14.6822,11.2534,13.8957,13.8013,6.4046,3.3906,15.4109,15.8673,10.8791,0.0000,8.6428,11.9988,17.5774,3.2209,11.5909,18.1364,12.7856,5.0383,17.1375,18.1364,11.1857,11.4261,8.1321,14.3350,7.5535,0.0000,9.3682,14.2808,16.6377,13.9568,8.1022,13.5648,15.2033,9.0537,16.6905,13.0751,13.4499,14.8339,8.3764,12.7803,14.8452,0.6639,18.1364,16.2728,12.3723,17.7018,16.3526,17.3461,18.2145,7.0242,12.7856,9.8487,9.1227,13.7753,0.0000,7.5535,17.4432,13.7028,14.6569,14.9122,15.9418,5.6424,6.9181,14.3085,9.6873,11.0241,2.9318,14.1079,10.6264,10.5455,9.4970,10.3128,13.0527,7.1166,8.9102,13.6497,17.5774,16.3526,13.1499,12.9776,17.5958,15.4741,9.6600,7.5535,6.6266,12.1277,16.8609,14.6273
Khach hang 23,4.6977,8.6013,9.4192,5.2959,4.7194,8.4978,4.6989,5.0197,5.0766,6.4881,9.0333,6.6686,9.7452,11.1233,6.8942,9.3287,9.2342,3.6987,6.1319,8.6262,12.3084,5.4058,9.1693,0.0000,7.6395,14.0185,6.7366,7.2316,14.5775,6.0009,6.8772,10.3529,14.5775,4.4011,4.6414,3.3482,7.5503,5.0299,9.1693,2.5835,7.4962,13.0788,10.3979,3.1847,8.9978,8.4187,6.7674,13.1316,7.9414,6.6652,8.0492,5.0949,7.6467,8.0606,8.8896,14.5775,12.7139,8.0130,14.1429,9.5679,13.7872,14.6556,4.5007,6.0009,6.1726,2.3381,6.9906,9.1693,5.0299,13.8843,9.1357,11.0980,11.3533,12.3829,3.6511,5.4304,7.5239,6.1284,5.8904,7.8809,10.5491,3.8417,3.7609,2.7124,5.9535,6.2680,2.9116,3.7766,10.0908,14.0185,9.5679,8.7906,7.3223,14.0369,11.9152,2.8753,5.0299,5.7197,8.1656,13.3020,10.2681
Khach hang 24,3.9260,4.2034,14.1074,9.8640,11.8788,9.5709,8.6531,9.7902,3.4509,3.9828,1.7598,11.2367,2.4717,15.8115,2.4963,14.0992,14.0048,7.6753,10.6999,11.4530,16.9966,10.0940,11.6662,10.2282,0.0000,18.7067,8.9755,3.3273,19.2657,10.5542,8.7011,11.4260,19.2657,9.0893,7.2080,5.1652,11.5045,12.1893,11.6662,7.2717,11.4504,17.7670,15.0861,10.4830,13.7683,7.0538,4.7852,17.8198,5.3970,8.9555,9.1223,3.2291,5.3848,9.1337,11.4257,19.2657,17.4021,2.1116,18.8311,10.6601,18.4755,19.3438,11.6601,10.5542,1.5593,7.0263,10.9448,11.6662,12.1893,18.5725,13.9063,15.7862,16.0415,17.0712,8.3253,6.0459,7.9486,10.8166,4.9129,9.9155,15.2373,8.5299,4.8098,7.4006,1.6897,10.2223,6.1201,4.0796,14.7790,18.7067,10.6601,2.6875,6.2177,18.7251,16.6034,7.5635,12.1893,6.3352,3.4719,17.9902,2.6063
Khach hang 25,17.8591,19.6713,7.0189,14.9711,13.2168,18.5994,12.2557,11.0858,18.1051,17.8595,21.6869,16.3438,22.3988,6.6941,19.3472,9.5879,9.4934,14.3134,15.8071,14.0128,6.5374,12.2552,18.8446,12.4350,20.6692,0.0000,20.2545,18.1394,0.6198,12.6621,20.3951,18.7428,0.6198,12.0315,14.7431,16.3317,13.8149,13.0943,18.8446,13.5477,13.8440,1.0785,6.4405,10.7954,9.2570,18.5203,20.2853,4.6133,18.6126,16.7669,18.1509,19.0132,18.0500,18.1623,18.5648,0.6198,1.8364,20.6443,2.4699,16.9933,3.6065,0.6978,12.9981,12.6621,19.5723,13.6805,14.2753,18.8446,13.0943,1.0337,9.3950,6.7091,6.9644,5.3674,13.3210,18.9482,17.6255,9.4071,16.0316,17.5561,3.4694,12.6614,16.7444,14.5355,19.4920,12.6761,16.4294,16.7601,4.3858,0.0000,16.9933,21.0435,17.7890,3.5681,4.4306,13.7577,13.0943,19.2376,18.8368,4.0494,22.9216
Khach hang 26,6.7800,9.9091,12.4856,3.5213,6.7276,12.8544,9.0556,9.3763,6.7053,8.5704,10.3412,3.1826,11.0531,14.1897,8.2020,13.6853,13.5909,4.3812,2.8753,12.9829,15.3748,9.7625,3.7428,7.3186,8.9474,17.0849,0.0000,8.5395,17.6439,10.3576,1.9869,14.7095,17.6439,8.7578,8.9981,5.0807,11.9070,7.0381,3.7428,6.9402,11.8528,16.1452,13.4643,7.6097,13.3544,10.9897,6.0023,16.1980,10.0237,11.0219,12.4059,5.3250,9.7289,12.4173,3.5022,17.6439,15.7803,9.3209,17.2093,13.9246,16.8536,17.7220,6.5089,10.3576,6.7973,6.6948,11.3473,3.7428,7.0381,16.9507,13.4924,14.1644,14.4197,15.4493,5.0311,3.8666,11.8805,9.1948,7.9727,0.7731,13.6155,8.1984,6.3402,7.0690,7.2613,10.6247,4.0652,5.8588,13.1572,17.0849,13.9246,10.0985,9.9262,17.1033,14.9816,7.2320,7.0381,3.5751,9.0763,16.3684,11.5759
Khach hang 27,2.5888,2.1125,11.6802,9.3636,11.3784,6.4599,6.1515,7.2886,2.1137,0.8719,3.7639,10.7363,4.4757,15.3112,1.4242,11.5976,11.5031,7.1750,10.1996,8.9513,16.4963,8.5292,11.1659,9.7279,3.2904,18.2064,8.4752,0.0000,18.7654,8.0525,8.2008,8.3150,18.7654,7.5007,4.7064,4.6649,9.0028,11.6890,11.1659,6.6576,8.9487,17.2667,13.3882,9.9826,11.2666,3.9428,7.5845,17.3195,2.2861,6.4539,6.0113,5.2760,2.2739,6.0227,10.9253,18.7654,16.9017,2.7212,18.3308,8.4082,17.9751,18.8435,11.1597,8.0525,3.4148,6.1836,8.4432,11.1659,11.6890,18.0722,11.4046,15.2859,15.5412,16.5708,7.8250,6.7467,4.8376,10.3163,2.8575,9.4151,14.7369,8.0296,3.4725,4.9923,3.3346,7.7206,5.6198,3.5792,14.2787,18.2064,8.4082,3.4988,3.1068,18.2248,16.1031,5.7965,11.6890,7.0361,1.0953,17.4899,4.9986
Khach hang 28,18.1539,19.9661,7.3136,15.2659,13.5115,18.8942,12.5504,11.3806,18.3998,18.1543,21.9816,16.6386,22.6935,6.9888,19.6420,9.8827,9.7882,14.6082,16.1019,14.3075,6.8322,12.5500,19.1393,12.7298,20.9639,0.6198,20.5492,18.4341,0.0000,12.9569,20.6898,19.0375,0.0000,12.3262,15.0379,16.6265,14.1097,13.3891,19.1393,13.8425,14.1388,1.2104,6.7353,11.0902,9.5518,18.8151,20.5801,4.9081,18.9074,17.0617,18.4456,19.3079,18.3448,18.4570,18.8596,0.0000,2.4562,20.9390,2.0000,17.2881,3.9013,0.1849,13.2928,12.9569,19.8670,13.9752,14.5701,19.1393,13.3891,0.8609,9.6897,7.0039,7.2592,5.6622,13.6157,19.2430,17.9203,9.7019,16.3264,17.8509,3.7642,12.9561,17.0392,14.8302,19.7868,12.9709,16.7242,17.0549,4.6806,0.6198,17.2881,21.3383,18.0838,3.8628,4.7253,14.0525,13.3891,19.5323,19.1316,4.3442,23.2164
Khach hang 29,7.7403,9.5524,6.1880,8.9121,6.8963,6.8497,2.1368,1.8156,7.9862,7.7406,11.5680,10.2849,12.2799,9.8501,9.2283,3.0742,3.1687,7.3150,9.7481,2.9747,11.0352,3.3911,12.7856,6.1145,10.5503,12.7453,10.3529,8.0205,13.3043,0.0000,10.4935,8.7048,13.3043,3.2321,2.9934,6.4301,1.8988,6.7738,12.7856,3.6461,1.8446,11.8057,7.9503,4.4749,3.4051,6.7706,10.3837,11.8585,8.4937,4.1438,6.4012,9.1116,7.9312,6.4126,12.5059,13.3043,11.4407,10.5254,12.8698,4.8236,12.5141,13.3824,6.6776,0.0000,9.4534,3.7789,1.8247,12.7856,6.7738,12.6111,3.2672,9.8248,9.2632,11.1098,7.2673,9.0466,5.8758,4.5177,5.9127,11.4972,9.2759,3.9665,6.7254,4.4166,9.3731,0.2255,6.5278,6.8585,8.8176,12.7453,4.8236,10.9246,7.6701,12.7638,10.6420,3.6388,6.7738,9.3360,8.7179,12.0288,12.8027
Khach hang 30,7.1153,9.8395,12.6264,4.6001,7.8063,12.9953,9.1965,9.5172,6.6357,8.2377,10.2716,4.2614,10.9835,14.3305,8.1324,13.8262,13.7317,4.5220,3.9540,13.1237,15.5156,9.9033,3.6468,7.4595,8.8778,17.2257,2.0245,8.4699,17.7847,10.4984,0.0000,14.8504,17.7847,8.8986,9.1390,5.2215,12.0478,8.1169,3.6468,7.0810,11.9937,16.2861,13.6052,7.7506,13.4953,11.6754,5.5274,16.3389,10.0187,11.1628,12.5467,5.2554,10.0064,12.5581,3.4062,17.7847,15.9211,9.2513,17.3502,14.0655,16.9945,17.8628,7.5876,10.4984,6.7277,6.8356,11.4882,3.6468,8.1169,17.0915,13.6332,14.3052,14.5606,15.5902,5.1720,3.4073,12.0214,9.3356,8.1135,1.8960,13.7563,8.3392,6.4811,7.2099,7.1918,10.7656,4.2060,5.7366,13.2980,17.2257,14.0655,10.0289,10.0670,17.2442,15.1224,7.3728,8.1169,3.1157,9.0067,16.5092,11.5063
Khach hang 31,8.6264,9.2478,12.2686,13.2493,15.1579,1.9239,8.4198,9.5569,8.8724,8.0544,11.8818,14.6220,11.6097,15.9308,9.2826,9.1549,9.2493,11.6521,14.0852,4.2711,17.1159,10.7976,17.1227,12.8917,11.4083,18.8260,14.6900,8.3342,19.3850,8.6900,14.8306,0.0000,19.3850,9.7690,6.4401,10.7673,4.7186,15.4684,17.1227,8.9259,4.7727,17.8863,14.0310,13.1464,9.4858,4.3722,14.7208,17.9391,7.3106,3.5513,2.3037,12.0347,6.8797,2.3151,16.8430,19.3850,17.5214,10.8391,18.9504,1.8196,18.5947,19.4631,14.9392,8.6900,10.3396,8.8169,6.3504,17.1227,15.4684,18.6918,9.3478,15.9055,15.3438,17.1904,11.6044,13.3837,3.4774,13.4801,6.7989,15.8343,15.3566,10.5311,8.3552,8.1547,10.2593,8.4992,10.8649,10.0846,14.8983,18.8260,1.8196,10.6200,7.0235,18.8444,16.7227,8.0648,15.4684,13.6731,8.4133,18.1095,12.1325
Khach hang 32,18.1539,19.9661,7.3136,15.2659,13.5115,18.8942,12.5504,11.3806,18.3998,18.1543,21.9816,16.6386,22.6935,6.9888,19.6420,9.8827,9.7882,14.6082,16.1019,14.3075,6.8322,12.5500,19.1393,12.7298,20.9639,0.6198,20.5492,18.4341,0.0000,12.9569,20.6898,19.0375,0.0000,12.3262,15.0379,16.6265,14.1097,13.3891,19.1393,13.8425,14.1388,1.2104,6.7353,11.0902,9.5518,18.8151,20.5801,4.9081,18.9074,17.0617,18.4456,19.3079,18.3448,18.4570,18.8596,0.0000,2.4562,20.9390,2.0000,17.2881,3.9013,0.1849,13.2928,12.9569,19.8670,13.9752,14.5701,19.1393,13.3891,0.8609,9.6897,7.0039,7.2592,5.6622,13.6157,19.2430,17.9203,9.7019,16.3264,17.8509,3.7642,12.9561,17.0392,14.8302,19.7868,12.9709,16.7242,17.0549,4.6806,0.6198,17.2881,21.3383,18.0838,3.8628,4.7253,14.0525,13.3891,19.5323,19.1316,4.3442,23.2164
Khach hang 33,6.4248,9.0006,5.5403,7.5572,5.4991,7.9287,1.5850,1.2809,7.4344,7.1888,11.0162,8.9299,11.7280,8.4062,8.6765,5.4576,5.3632,5.9601,8.3932,8.0860,9.5913,1.8088,11.4306,4.7173,9.9984,11.3014,8.9980,7.4687,11.8604,3.2321,9.1385,9.7838,11.8604,0.0000,4.0724,5.0752,5.1309,5.3766,11.4306,2.2912,5.0768,10.3618,7.2483,3.0777,5.1267,7.8496,9.0288,10.4146,7.9419,6.0962,7.4801,7.7566,7.3793,7.4915,11.1509,11.8604,9.9968,9.9735,11.4259,8.9989,11.0702,11.9385,5.2804,3.2321,8.9015,2.4239,4.6538,11.4306,5.3766,11.1672,5.2647,8.3809,8.6363,9.6659,5.6033,7.6917,6.9548,3.3671,5.3609,10.1422,7.8320,0.9415,5.4879,3.8648,7.6805,3.3538,5.1729,5.5036,7.3737,11.3014,8.9989,10.3728,7.1183,11.3199,9.1982,2.3573,5.3766,7.9810,8.1661,10.5849,12.2509
Khach hang 34,4.3941,6.2062,8.2519,7.5526,9.4613,4.5998,2.7232,3.8603,4.6400,4.3945,8.2218,8.9254,8.9337,11.8597,5.8822,5.8908,5.9852,5.9555,8.3886,6.4628,13.0448,5.1009,11.4261,7.1950,7.2041,14.7549,8.9934,4.6743,15.3139,2.9934,9.1340,6.4550,15.3139,4.0724,0.0000,5.0706,4.0848,9.7718,11.4261,3.2293,4.0307,13.8153,9.9599,7.4498,7.8383,4.5208,9.0242,13.8681,5.1476,2.7673,4.1513,7.7521,4.5850,4.1627,11.1464,15.3139,13.4503,7.1792,14.8794,5.6700,14.5237,15.3920,9.2426,2.9934,6.1072,3.1203,3.5252,11.4261,9.7718,14.6207,7.9763,11.8344,11.5067,13.1194,5.9078,7.6871,3.6259,7.7835,2.5666,10.1377,11.2855,4.8345,3.3793,1.7881,6.0270,2.8026,5.1683,5.4990,10.8272,14.7549,5.6700,7.5785,4.3240,14.7734,12.6517,2.3682,9.7718,7.9765,5.3718,14.0384,9.4565
Khach hang 35,2.5186,6.4221,9.8698,5.1254,7.1402,8.9484,5.1496,5.4703,2.8975,4.3090,6.8542,6.4981,7.5661,11.5739,4.7150,9.7793,9.6848,2.9368,5.9614,9.0769,12.7590,5.8564,8.1888,5.2719,5.4604,14.4691,5.0831,5.0525,15.0281,6.4515,5.2237,10.8035,15.0281,4.8517,5.0921,0.0000,8.0009,7.4508,8.1888,3.0341,7.9468,13.5295,10.8485,6.2454,9.4484,6.7283,5.1139,13.5823,5.7623,7.1159,8.4998,3.4414,5.4675,8.5112,7.9483,15.0281,13.1645,5.8339,14.5936,10.0186,14.2379,15.1062,6.9215,6.4515,3.9935,2.7887,7.4413,8.1888,7.4508,14.3349,9.5864,11.5486,11.8040,12.8336,3.5868,3.7769,7.9745,6.5790,3.7113,6.4381,10.9997,4.2923,1.5817,3.1630,3.7744,6.7187,1.4377,1.5974,10.5414,14.4691,10.0186,6.6115,5.6648,14.4876,12.3658,3.3259,7.4508,4.0662,5.9865,13.7526,8.0889
Khach hang 36,8.6906,10.5027,7.3408,10.4615,8.7950,4.1401,4.0356,3.7144,8.9365,8.6909,12.5183,11.8342,13.2302,11.0029,10.1786,4.2270,4.3215,8.8644,11.2975,1.0759,12.1880,5.2899,14.3350,8.0133,11.5006,13.8981,11.9023,8.9708,14.4571,1.8988,12.0429,4.7186,14.4571,5.1309,4.0848,7.9795,0.0000,8.6726,14.3350,5.4486,0.0541,12.9584,9.1031,6.3737,4.5579,6.0750,11.9331,13.0112,9.0134,4.0190,3.8012,10.6610,8.5825,3.7898,14.0552,14.4571,12.5935,11.4757,14.0225,2.9248,13.6669,14.5352,8.5763,1.8988,10.4037,5.5814,1.6318,14.3350,8.6726,13.7639,4.4200,10.9776,10.4160,12.2626,8.8167,10.5960,5.1802,7.2608,6.8630,13.0465,10.4287,5.8653,7.6757,5.3669,10.3235,1.8720,8.0772,8.4079,9.9704,13.8981,2.9248,11.8749,8.7263,13.9166,11.7948,5.0195,8.6726,10.8854,9.6682,13.1816,13.7530
Khach hang 37,9.8281,13.1149,7.2278,3.7623,0.7479,13.6282,6.4307,5.2608,10.2070,11.6185,13.5470,5.0527,14.2589,8.9319,11.4078,8.1454,8.0510,4.8565,4.3282,11.1804,10.1170,5.1288,7.5535,5.1327,12.1531,11.8271,7.0381,11.7453,12.3861,6.7738,8.9716,15.4833,12.3861,5.4741,9.7718,7.4508,8.6726,0.0000,7.5535,7.7139,8.6185,10.8875,8.2065,3.1034,7.8145,13.5491,8.9092,10.9402,13.0718,11.7956,13.1796,8.5308,12.7771,13.1910,7.2737,12.3861,10.5225,12.5267,11.9516,14.6983,11.5959,12.4642,0.5292,6.7738,10.0031,7.4685,8.5647,7.5535,0.0000,11.6929,7.9525,8.9066,9.1620,10.1916,3.8640,7.5722,12.6543,3.9370,11.0208,6.2650,8.3577,4.6680,8.8913,7.8428,10.4671,6.9608,6.9527,8.9070,7.8994,11.8271,14.6983,13.3043,12.4527,11.8456,9.7238,8.0057,0.0000,7.8615,12.2821,11.1106,14.7817
Khach hang 38,9.8314,12.9606,12.9781,4.0367,7.2429,15.2824,11.4836,11.8043,9.7567,11.6218,13.3926,3.6980,14.1045,14.6822,11.2534,13.8957,13.8013,6.4046,3.3906,15.4109,15.8673,10.8791,0.0000,8.6428,11.9988,17.5774,3.2209,11.5909,18.1364,12.7856,5.0383,17.1375,18.1364,11.1857,11.4261,8.1321,14.3350,7.5535,0.0000,9.3682,14.2808,16.6377,13.9568,8.1022,13.5648,15.2033,9.0537,16.6905,13.0751,13.4499,14.8339,8.3764,12.7803,14.8452,0.6639,18.1364,16.2728,12.3723,17.7018,16.3526,17.3461,18.2145,7.0242,12.7856,9.8487,9.1227,13.7753,0.0000,7.5535,17.4432,13.7028,14.6569,14.9122,15.9418,5.6424,6.9181,14.3085,9.6873,11.0241,2.9318,14.1079,10.6264,10.5455,9.4970,10.3128,13.0527,7.1166,8.9102,13.6497,17.5774,16.3526,13.1499,12.9776,17.5958,15.4741,9.6600,7.5535,6.6266,12.1277,16.8609,14.6273
Khach hang 39,4.3623,8.1575,7.0565,5.4947,7.4034,7.0856,1.6796,2.6648,4.7412,6.1527,8.6979,6.8674,9.4098,9.7190,6.5587,6.9738,6.8794,3.8976,6.3307,6.5245,10.9041,3.9055,9.3682,5.1371,7.3040,12.6142,6.9355,6.6256,13.1732,3.6461,7.0761,8.9407,13.1732,2.2912,3.2293,3.0127,5.4486,7.7139,9.3682,0.0000,5.3945,11.6746,8.7645,4.3905,6.6429,7.0065,6.9663,11.7273,7.0988,5.2531,6.6371,5.6942,6.5362,6.6485,9.0884,13.1732,11.3096,7.6776,12.7386,8.1558,12.3830,13.2513,7.1847,3.6461,5.8372,0.3615,4.8890,9.3682,7.7139,12.4800,6.7809,9.6937,9.9491,10.9787,3.8499,5.6292,6.1117,4.6799,4.5178,8.0797,9.1448,2.4103,3.4254,1.4367,5.6180,3.7678,3.1104,3.4411,8.6865,12.6142,8.1558,8.4552,6.2752,12.6327,10.5109,0.5205,7.7139,5.9186,7.3230,11.8977,9.9326
Khach hang 40,8.6365,10.4486,7.3699,10.4074,8.7409,4.1942,3.9814,3.6602,8.8824,8.6368,12.4642,11.7801,13.1761,11.0320,10.1245,4.2561,4.3506,8.8103,11.2434,1.1301,12.2171,5.2357,14.2808,7.9592,11.4465,13.9273,11.8481,8.9167,14.4863,1.8446,11.9887,4.7727,14.4863,5.0768,4.0307,7.9254,0.0541,8.6185,14.2808,5.3945,0.0000,12.9876,9.1322,6.3195,4.5871,6.1292,11.8789,13.0404,9.0676,4.0731,3.8554,10.6068,8.6367,3.8440,14.0011,14.4863,12.6226,11.4216,14.0517,2.9789,13.6960,14.5643,8.5222,1.8446,10.3496,5.5273,1.5776,14.2808,8.6185,13.7930,4.4491,11.0067,10.4451,12.2917,8.7626,10.5419,5.2343,6.3623,6.8089,12.9924,10.4578,5.8112,7.6216,5.3128,10.2693,1.8179,8.0231,8.3538,9.9995,13.9273,2.9789,11.8208,8.7805,13.9457,11.8240,4.9654,8.6185,10.8312,9.6141,13.2107,13.6989
Khach hang 41,16.9195,18.7316,6.0792,14.0315,12.2771,17.6597,11.3160,10.1461,17.1654,16.9198,20.7472,15.4042,21.4591,5.7544,18.4075,8.6482,8.5538,13.3738,14.8674,13.0731,5.5977,11.3155,17.9049,11.4954,19.7295,1.0785,19.3148,17.1997,1.2104,11.7225,19.4554,17.8031,1.2104,11.0918,13.8034,15.3920,12.8752,12.1546,17.9049,12.6080,12.9044,0.0000,5.5009,9.8557,8.3173,17.5807,19.3456,3.6737,17.6729,15.8272,17.2112,18.0735,17.1104,17.2226,17.6252,1.2104,2.5016,19.7046,1.5302,16.0537,2.6669,1.2884,12.0584,11.7225,18.6326,12.7408,13.3356,17.9049,12.1546,0.7541,8.4553,5.7694,6.0248,4.4277,12.3813,18.0085,16.6858,8.4674,15.0919,16.6165,2.5298,11.7217,15.8047,13.5958,18.5523,11.7364,15.4897,15.8204,3.4462,1.0785,16.0537,20.1038,16.8493,2.6284,3.4909,12.8181,12.1546,18.2979,17.8971,3.1098,21.9819
Khach hang 42,13.0540,14.8661,2.2137,10.1660,8.4116,13.7942,7.4505,6.2806,13.2999,13.0543,16.8817,11.5387,17.5936,2.0426,14.5420,4.7827,4.6883,9.5083,11.0019,9.2076,3.2277,7.4500,14.0394,7.6299,15.8640,6.4304,15.4493,13.3342,6.9894,7.8570,15.5899,13.9376,6.9894,7.2263,9.9379,11.5265,9.0097,8.2891,14.0394,8.7425,9.0389,5.4907,0.0000,5.9902,4.4518,13.7152,15.4801,4.0510,13.8074,11.9617,13.3457,14.2080,13.2449,13.3571,13.7597,6.9894,5.1258,15.8391,6.5548,12.1882,4.9661,7.0675,8.1929,7.8570,14.7671,8.8753,9.4701,14.0394,8.2891,6.2962,4.5898,2.1572,1.7009,3.3023,8.5158,14.1430,12.8203,4.6019,11.2264,12.7510,2.9610,7.8562,11.9392,9.7303,14.6868,7.8709,11.6242,11.9549,2.5027,6.4304,12.1882,16.2383,12.9838,4.9479,3.1247,8.9526,8.2891,14.4324,14.0316,5.1571,18.1164
Khach hang 43,7.5192,11.4228,4.9289,4.2288,2.8914,11.3193,4.1317,2.9619,7.8981,9.3096,11.8548,5.6015,12.5667,6.6330,9.7157,5.8465,5.7521,3.5711,5.0648,8.8815,7.8181,2.8299,8.1022,2.8338,10.4610,9.5282,7.5456,10.0531,10.0872,4.4749,7.6862,13.1744,10.0872,3.1752,7.4629,6.1697,6.3737,3.2019,8.1022,5.4050,6.3195,8.5885,5.9076,0.0000,5.5156,11.2402,7.6238,8.6413,10.7629,9.4867,10.8707,7.2454,10.4682,10.8821,7.8225,10.0872,8.2236,10.8345,9.6526,12.3894,9.2969,10.1653,2.6727,4.4749,8.9941,5.1596,6.2657,8.1022,3.2019,9.3940,5.6536,6.6077,6.8630,7.8927,2.5786,6.2868,10.3454,1.6381,8.7119,6.8138,6.0588,2.3691,6.5824,5.5339,8.7750,4.6619,6.2674,6.5981,5.6005,9.5282,12.3894,11.6121,10.1438,9.5466,7.4249,5.6968,3.2019,6.5761,10.9871,8.8117,13.0896
Khach hang 44,10.9544,12.7665,2.7828,9.6913,7.9370,9.0429,5.3509,4.1811,11.2003,10.9548,14.7821,11.0641,15.4940,6.4450,12.4425,0.3309,0.2365,10.3118,10.5273,4.7558,7.6301,5.3505,13.5648,7.1553,13.7644,9.3402,13.3497,11.2346,9.8992,3.4051,13.4903,9.4858,9.8992,5.1267,7.8383,9.4270,4.5579,7.8145,13.5648,6.6429,4.5871,8.4005,4.5452,5.5156,0.0000,11.6156,13.3805,8.4533,11.7078,8.9218,8.7041,12.1084,11.1453,8.6927,13.2851,9.8992,8.0356,13.7395,9.4646,7.7364,9.1089,9.9773,7.7183,3.4051,12.6675,6.7757,5.0183,13.5648,7.8145,9.2060,0.1380,6.4197,5.8580,7.7046,8.0412,12.0435,10.7208,4.3587,9.1268,12.2764,5.8708,5.7566,9.8397,7.6307,12.5873,3.4191,9.5247,9.8554,5.4125,9.3402,7.7364,14.1387,10.8843,9.3586,7.2369,6.8530,7.8145,12.3328,11.9320,8.6237,16.0168
Khach hang 45,5.0993,4.8755,12.0479,11.3486,13.2572,2.5171,6.5191,7.6562,5.3384,3.6822,7.5095,12.7213,7.2375,15.6557,4.9104,10.6604,10.7548,9.3248,12.1846,5.7598,16.8408,8.8969,14.3906,10.9910,7.0361,18.5509,10.9778,3.9620,19.1099,6.7893,11.4255,4.3722,19.1099,7.8683,4.5395,6.3774,6.2073,13.5678,14.3906,7.0252,6.2615,17.6112,13.7558,11.2457,11.6343,0.0000,11.3301,17.6640,2.9384,3.2624,2.0685,8.5007,2.5075,2.0799,14.1501,19.1099,17.2462,6.4669,18.6753,4.4654,18.3196,19.1880,13.0385,6.7893,6.8056,6.9162,7.3211,14.3906,13.5678,18.4167,10.8533,15.6304,15.3026,16.9153,9.7038,9.6715,0.8948,11.5794,3.7146,12.6399,15.0814,8.6304,5.1477,6.2540,6.7253,6.5985,7.3324,6.5574,14.6232,18.5509,4.4654,6.2478,2.6513,18.5693,16.4476,6.1642,13.5678,9.9609,4.0411,17.8343,7.7603
Khach hang 46,6.7944,8.4975,12.5000,6.5842,8.5990,12.8689,9.0701,9.3908,5.8194,8.2769,6.9547,7.9569,7.6666,14.2041,6.7904,13.6998,13.6054,4.3956,7.4202,12.9974,15.3892,9.7769,8.2846,7.3331,4.7852,17.0994,6.0486,7.6214,17.6584,10.3721,5.3195,14.7240,17.6584,8.7722,9.0126,5.0952,11.9214,8.9096,8.2846,6.9546,11.8673,16.1597,13.4788,7.6242,13.3689,11.3478,0.0000,16.2125,9.6911,11.0364,12.4203,2.6134,9.6789,12.4317,8.0441,17.6584,15.7947,6.4057,17.2238,13.9391,16.8681,17.7364,8.3803,10.3721,5.2198,6.7092,11.3618,8.2846,8.9096,16.9651,13.5069,14.1788,14.4342,15.4638,5.0456,2.1370,11.8950,9.2093,7.9871,6.5339,13.6299,8.2128,6.3547,7.0835,5.1942,10.6392,4.0796,4.9204,13.1716,17.0994,13.9391,6.9815,9.9407,17.1178,14.9961,7.2464,8.9096,2.4264,7.7660,16.3828,7.2179
Khach hang 47,17.0148,18.8270,6.1745,14.1268,12.3725,17.7551,11.4114,10.2415,17.2608,17.0152,20.8426,15.4995,21.5544,2.1110,18.5029,8.7436,8.6491,13.4691,14.9628,13.1685,1.9543,11.4109,18.0003,11.5907,19.8248,4.5872,19.4102,17.2951,5.1462,11.8178,19.5508,17.8985,5.1462,11.1872,13.8988,15.4874,12.9706,12.2500,18.0003,12.7034,12.9997,3.6475,4.0520,9.9511,8.4127,17.6760,19.4410,0.0000,17.7683,15.9226,17.3065,18.1689,17.2057,17.3179,17.7205,5.1462,3.2825,19.7999,3.4948,16.1490,0.9151,5.2243,12.1538,11.8178,18.7279,12.8362,13.4310,18.0003,12.2500,4.4530,8.5506,2.1260,2.3813,0.7843,12.4766,18.1039,16.7812,8.5628,15.1873,16.7118,3.3107,11.8171,15.9001,13.6912,18.6477,11.8318,15.5851,15.9158,2.8877,4.5872,16.1490,20.1992,16.9447,0.8969,1.1253,12.9134,12.2500,18.3933,17.9925,1.1061,22.0773
Khach hang 48,4.1916,2.2716,12.0912,10.8904,12.7990,5.4712,6.5624,7.6995,3.7507,2.2490,4.7425,12.2631,4.9819,16.1161,3.3035,12.0085,11.9140,8.4171,11.7263,8.7139,17.3011,8.9402,12.8030,10.5328,5.4484,19.0113,10.0701,2.3744,19.5703,8.4634,9.8378,7.3263,19.5703,7.9116,5.1173,5.4698,9.1614,13.1095,12.8030,7.0685,9.2156,18.0716,13.7991,10.7875,11.6776,2.9541,9.7425,18.1244,0.0000,6.2165,5.0227,6.9130,0.3685,5.0340,12.5624,19.5703,17.7066,4.1464,19.1357,7.4195,18.7800,19.6483,12.5803,8.4634,5.2179,6.5945,8.8541,12.8030,13.1095,18.8770,11.8155,16.0908,15.3459,17.3757,9.2455,8.3838,3.8489,11.1212,3.2684,11.0522,15.5418,8.8345,4.2400,5.4033,5.1377,8.1315,6.4247,5.2163,15.0836,19.0113,7.4195,3.6438,2.7538,19.0297,16.9080,6.2074,13.1095,8.6731,2.4341,18.2947,5.5047
Khach hang 49,6.1266,8.1190,10.2757,9.5765,11.4851,2.0420,4.7470,5.8841,6.3725,6.1269,9.9543,10.9492,10.6662,13.8836,7.6146,8.6085,8.7029,7.9793,10.4124,3.7079,15.0686,7.1248,13.4499,9.2189,8.9366,16.7788,11.0172,6.4068,17.3378,4.1438,11.1578,3.5513,17.3378,6.0962,2.7673,7.0945,4.1554,11.7956,13.4499,5.2531,4.2096,15.8391,11.9837,9.4736,8.9394,3.2434,11.0480,15.8919,6.1818,0.0000,1.5934,9.7759,5.7509,1.5820,13.1702,17.3378,15.4741,8.9117,16.9032,2.9151,16.5475,17.4158,11.2664,4.1438,7.8397,5.1441,4.6755,13.4499,11.7956,16.6445,8.8014,13.8582,13.5305,15.1432,7.9317,9.7110,2.3486,9.8073,4.2990,12.1615,13.3093,6.8583,5.8553,4.4819,7.7595,3.9529,7.1922,7.5229,12.8510,16.7788,2.9151,9.4912,5.8947,16.7972,14.6755,4.3920,11.7956,10.0003,7.2845,16.0622,11.1890
Khach hang 50,6.3228,6.9441,11.6449,10.9456,12.8542,0.4486,6.1161,7.2532,6.5687,5.7507,9.5781,12.3183,9.3060,15.2527,6.9789,8.3742,8.4687,9.3485,11.7816,3.4737,16.4378,8.4939,14.8190,10.5880,9.1046,18.1479,12.3863,6.0306,18.7069,6.3863,12.5269,2.3037,18.7069,7.4653,4.1365,8.4636,3.9212,13.1648,14.8190,6.6222,3.9753,17.2082,13.3528,10.8427,8.7051,2.0685,12.4171,17.2610,5.0070,1.5934,0.0000,9.7310,4.5761,0.0114,14.5393,18.7069,16.8432,8.5355,18.2723,2.3969,17.9166,18.7850,12.6355,6.3863,8.0359,6.5132,6.9181,14.8190,13.1648,18.0137,8.5672,15.2274,14.8996,16.5123,9.3008,11.0801,1.1737,11.1764,4.4952,13.5306,14.6784,8.2274,6.0515,5.8510,7.9556,6.1955,8.5613,7.7809,14.2202,18.1479,2.3969,8.3163,4.7199,18.1663,16.0446,5.7612,13.1648,11.3694,6.1096,17.4313,9.8288
Khach hang 51,3.9485,6.9187,12.1295,6.1896,8.2044,10.2115,7.4092,7.7300,3.4689,5.0710,5.3759,7.5623,6.0878,13.8336,5.2116,12.0390,11.9445,4.0010,7.0256,12.0745,15.0186,8.1161,7.9918,7.1556,3.2064,16.7288,5.3012,5.3032,17.2878,8.7112,5.0267,12.0666,17.2878,7.1114,7.3517,3.4343,10.2606,8.5149,7.9918,5.2938,10.2064,15.7891,13.1082,7.2295,11.7080,8.5087,2.6134,15.8419,6.8519,9.3755,9.7629,0.0000,6.8397,9.7743,7.7513,17.2878,15.4241,4.8269,16.8532,11.2817,16.4975,17.3658,7.9857,8.7112,2.2058,5.0484,9.7009,7.9918,8.5149,16.5945,11.8460,13.8083,14.0636,15.0932,4.6509,2.0376,9.4035,8.8387,5.5345,6.2411,13.2593,6.5520,4.2209,5.4227,2.1802,8.9783,2.4188,2.5699,12.8011,16.7288,11.2817,5.4027,7.4880,16.7472,14.6255,5.5856,8.5149,2.3270,6.1872,16.0122,5.6391
Khach hang 52,3.8469,2.5471,11.5589,10.5457,12.4543,5.0403,6.0301,7.1672,3.4559,1.9542,5.0179,11.9184,5.2573,15.7714,3.0087,11.4762,11.3818,8.0724,11.3816,8.2830,16.9564,8.4079,12.5082,10.1881,5.1536,18.6666,9.7254,2.0796,19.2256,7.9312,9.5430,6.8954,19.2256,7.3793,4.5850,5.1251,8.7306,12.7648,12.5082,6.5362,8.7847,17.7269,13.2669,10.4428,11.1453,2.5232,9.4477,17.7797,0.3685,5.7856,4.5918,6.6183,0.0000,4.6032,12.2676,19.2256,17.3619,4.4218,18.7910,6.9886,18.4353,19.3036,12.2356,7.9312,4.9231,6.0622,8.3218,12.5082,12.7648,18.5323,11.2833,15.7461,14.8136,17.0310,8.9009,8.0890,3.4180,10.7765,2.7361,10.7574,15.1971,8.4898,3.8953,4.8710,4.8429,7.5992,6.0800,4.9215,14.7389,18.6666,6.9886,3.9193,2.3229,18.6850,16.5633,5.6752,12.7648,8.3783,2.1394,17.9500,5.7801
Khach hang 53,6.3342,6.9555,11.6563,10.9570,12.8656,0.4600,6.1275,7.2646,6.5801,5.7621,9.5895,12.3297,9.3174,15.2641,6.9903,8.3628,8.4573,9.3598,11.7930,3.4623,16.4491,8.5053,14.8304,10.5994,9.1160,18.1593,12.3977,6.0420,18.7183,6.3977,12.5383,2.3151,18.7183,7.4767,4.1478,8.4750,3.9098,13.1762,14.8304,6.6336,3.9639,17.2196,13.3642,10.8541,8.6937,2.0799,12.4285,17.2724,5.0184,1.5820,0.0114,9.7424,4.5875,0.0000,14.5507,18.7183,16.8546,8.5469,18.2837,2.4082,17.9280,18.7963,12.6469,6.3977,8.0473,6.5246,5.5415,14.8304,13.1762,18.0250,8.5558,15.2388,14.9110,16.5237,9.3122,11.0915,1.1851,11.1878,4.5066,13.5420,14.6898,8.2388,6.0629,5.8624,7.9670,6.2069,8.5727,7.7923,14.2316,18.1593,2.4082,8.3277,4.7313,18.1777,16.0560,5.7725,13.1762,11.3808,6.1210,17.4427,9.8402
Khach hang 54,9.5908,12.7200,12.6984,3.7569,6.9632,15.0027,11.2039,11.5246,9.5162,11.3812,13.1521,3.4183,13.8640,14.4025,11.0129,13.6160,13.5215,6.1249,3.1109,15.1312,15.5875,10.5993,0.6639,8.3631,11.7582,17.2977,2.9803,11.3504,17.8567,12.5059,4.7978,16.8578,17.8567,10.9060,11.1464,7.8916,14.0552,7.2737,0.6639,9.0884,14.0011,16.3580,13.6771,7.8225,13.2851,14.9236,8.8131,16.4108,12.8346,13.1702,14.5541,8.1359,12.5398,14.5655,0.0000,17.8567,15.9930,12.1318,17.4221,16.0729,17.0664,17.9347,6.7445,12.5059,9.6082,8.8430,13.4956,0.6639,7.2737,17.1634,13.4230,14.3772,14.6325,15.6621,5.3627,6.6775,14.0288,9.4076,10.7835,2.6520,13.8282,10.3466,10.2658,9.2173,10.0722,12.7730,6.8760,8.6697,13.3699,17.2977,16.0729,12.9094,12.7371,17.3161,15.1944,9.3802,7.2737,6.3860,11.8872,16.5811,14.3868
Khach hang 55,18.1539,19.9661,7.3136,15.2659,13.5115,18.8942,12.5504,11.3806,18.3998,18.1543,21.9816,16.6386,22.6935,6.9888,19.6420,9.8827,9.7882,14.6082,16.1019,14.3075,6.8322,12.5500,19.1393,12.7298,20.9639,0.6198,20.5492,18.4341,0.0000,12.9569,20.6898,19.0375,0.0000,12.3262,15.0379,16.6265,14.1097,13.3891,19.1393,13.8425,14.1388,1.2104,6.7353,11.0902,9.5518,18.8151,20.5801,4.9081,18.9074,17.0617,18.4456,19.3079,18.3448,18.4570,18.8596,0.0000,2.4562,20.9390,2.0000,17.2881,3.9013,0.1849,13.2928,12.9569,19.8670,13.9752,14.5701,19.1393,13.3891,0.8609,9.6897,7.0039,7.2592,5.6622,13.6157,19.2430,17.9203,9.7019,16.3264,17.8509,3.7642,12.9561,17.0392,14.8302,19.7868,12.9709,16.7242,17.0549,4.6806,0.6198,17.2881,21.3383,18.0838,3.8628,4.7253,14.0525,13.3891,19.5323,19.1316,4.3442,23.2164
Khach hang 56,16.5402,18.3524,5.6999,13.6522,11.8978,17.2805,10.9368,9.7669,16.7862,16.5406,20.3679,15.0249,21.0798,5.3751,18.0283,8.2690,8.1745,12.9945,14.4882,12.6938,5.2185,10.9363,17.5256,11.1161,19.3502,1.8364,18.9356,16.8204,2.3954,11.3432,19.0761,17.4239,2.3954,10.7126,13.4242,15.0128,12.4960,11.7754,17.5256,12.2288,12.5251,2.5074,5.1216,9.4765,7.9381,17.2014,18.9664,3.2944,17.2937,15.4480,16.8319,17.6942,16.7311,16.8433,17.2459,2.3954,0.0000,19.3253,3.5715,15.6744,3.2158,2.4735,11.6791,11.3432,18.2533,12.3615,12.9564,17.5256,11.7754,1.9869,8.0760,5.3902,5.6455,4.0485,12.0020,17.6293,16.3066,8.0882,14.7127,16.2372,2.1505,11.3425,15.4255,13.2166,18.1731,11.3572,15.1105,15.4412,3.0669,1.8364,15.6744,19.7246,16.4701,3.4655,3.1116,12.4388,11.7754,17.9186,17.5179,2.7305,21.6027
Khach hang 57,4.3108,2.6530,14.5124,10.2689,12.2838,9.0505,8.7421,9.8792,3.8357,3.4625,1.4653,11.6417,2.1772,16.2165,1.3577,14.1882,14.0937,8.0803,11.1049,11.5419,17.4016,11.1198,12.0712,10.6332,2.0724,19.1117,9.3805,2.8070,19.6707,10.6431,9.1061,10.9056,19.6707,10.0913,7.2970,5.5702,11.5934,12.5943,12.0712,7.6767,11.5393,18.1720,15.4911,10.8879,13.8572,6.5334,6.3665,18.2248,4.3150,9.0445,8.6019,4.2410,4.5905,8.6133,11.8307,19.6707,17.8071,0.0000,19.2361,10.9988,18.8804,19.7488,12.0651,10.6431,2.4188,7.4313,11.0338,12.0712,12.5943,18.9775,13.9952,16.1912,16.4465,17.4761,8.7303,6.2365,7.4282,11.2216,5.2977,10.3205,15.6423,8.9349,5.1946,7.5829,2.5492,10.3112,6.5251,4.4846,15.1840,19.1117,10.9988,1.3095,5.6974,19.1301,17.0084,7.9685,12.5943,6.5258,2.0969,18.3952,2.7000
Khach hang 58,17.9836,19.7957,7.1433,15.0955,13.3412,18.7238,12.3801,11.2102,18.2295,17.9839,21.8113,16.4683,22.5232,5.6580,19.4716,9.7123,9.6179,14.4379,15.9315,14.1372,5.5014,12.3796,18.9690,12.5595,20.7936,2.4699,20.3789,18.2638,2.0000,12.7865,20.5195,18.8672,2.0000,12.1559,14.8675,16.4561,13.9393,13.2187,18.9690,13.6721,13.9685,1.5302,6.5650,10.9198,9.3814,18.6448,20.4097,3.5773,18.7370,16.8913,18.2753,19.1376,18.1745,18.2867,18.6893,2.0000,3.5657,20.7687,0.0000,17.1178,2.6377,2.0781,13.1225,12.7865,19.6967,13.8049,14.3997,18.9690,13.2187,1.2214,9.5194,5.6730,5.9284,4.3314,13.4454,19.0726,17.7499,9.5315,16.1560,17.6806,3.5939,12.7858,16.8688,14.6599,19.6164,12.8005,16.5538,16.8845,4.5103,2.4699,17.1178,21.1679,17.9134,2.6778,3.4368,13.8822,13.2187,19.3620,18.9612,2.4663,23.0460
Khach hang 59,7.8497,9.3409,10.4916,12.4725,14.3811,1.9585,7.6430,8.7801,8.0956,8.1476,11.9749,13.8452,11.7029,14.1538,9.3758,7.3778,7.4723,10.8754,13.3085,2.4773,15.3388,10.0208,16.3459,12.1149,10.6597,17.0490,13.9132,8.4274,17.6080,4.8236,14.0538,1.8196,17.6080,8.9922,5.6634,9.9905,2.9248,14.6917,16.3459,8.1491,2.9789,16.1093,12.2539,12.3696,7.7088,4.4654,13.9440,16.1621,7.4038,2.9105,2.3969,11.2579,6.9729,2.4082,16.0662,17.6080,15.7443,10.9323,17.1734,0.0000,16.8177,17.6860,14.1624,4.8236,9.5628,8.0401,4.5566,16.3459,14.6917,16.9147,7.5708,14.1284,13.5668,15.4134,10.8277,12.6070,3.5706,12.7033,6.0221,15.0575,13.5795,9.7543,7.5784,7.3779,9.4825,4.7968,10.0882,9.3078,13.1212,17.0490,0.0000,10.7132,7.1167,17.0674,14.9457,7.2880,14.6917,12.8963,8.5064,16.3324,12.2257
Khach hang 60,17.6234,19.4355,6.7831,14.7354,12.9810,18.3637,12.0199,10.8500,17.8693,17.6237,21.4511,16.1081,22.1630,2.9980,19.1114,9.3521,9.2577,14.0777,15.5713,13.7770,2.8414,12.0194,18.6088,12.1993,20.4334,3.6065,20.0187,17.9036,4.1655,12.4264,20.1593,18.5070,4.1655,11.7957,14.5073,16.0960,13.5791,12.8585,18.6088,13.3119,13.6083,2.6669,4.9391,10.5596,9.0212,18.2846,20.0495,0.9173,18.3768,16.5311,17.9151,18.7774,17.8143,17.9265,18.3291,4.1655,3.2055,20.4085,2.6377,16.7576,0.0000,4.2436,12.7623,12.4264,19.3365,13.4447,14.0395,18.6088,12.8585,3.4723,9.1592,3.0131,3.2684,1.6714,13.0852,18.7124,17.3897,9.1713,15.7958,17.3204,3.2337,12.4256,16.5086,14.2997,19.2563,12.4403,16.1936,16.5244,4.1501,3.6065,16.7576,20.8077,17.5533,0.2696,1.7709,13.5220,12.8585,19.0018,18.6010,0.5105,22.6858
Khach hang 61,18.2320,20.0441,7.3917,15.3440,13.5896,18.9723,12.6285,11.4587,18.4779,18.2323,22.0597,16.7167,22.7716,7.0669,19.7200,9.9607,9.8663,14.6863,16.1799,14.3856,6.9103,12.6280,19.2174,12.8079,21.0420,0.6978,20.6273,18.5122,0.1849,13.0350,20.7679,19.1156,0.1849,12.4043,15.1159,16.7046,14.1877,13.4671,19.2174,13.9205,14.2169,1.2884,6.8134,11.1682,9.6298,18.8932,20.6581,4.9862,18.9854,17.1397,18.5237,19.3860,18.4229,18.5351,18.9377,0.1849,2.5343,21.0171,2.0781,17.3662,3.9794,0.0000,13.3709,13.0350,19.9451,14.0533,14.6481,19.2174,13.4671,0.9390,9.7678,7.0819,7.3373,5.7402,13.6938,19.3211,17.9984,9.7799,16.4044,17.9290,3.8423,13.0342,17.1173,14.9083,19.8649,13.0489,16.8023,17.1330,4.7587,0.6978,17.3662,21.4163,18.1619,3.9409,4.8034,14.1306,13.4671,19.6104,19.2096,4.4223,23.2944
Khach hang 62,9.2989,12.5857,7.1316,3.2331,0.2187,13.0989,6.3344,5.1646,9.6778,11.0893,13.0178,4.5235,13.7297,8.8357,10.8786,8.0492,7.9548,4.3273,3.7990,11.0842,10.0208,5.0326,7.0242,4.5007,11.6239,11.7309,6.5089,11.2161,12.2899,6.6776,8.4424,14.9540,12.2899,5.3778,9.2426,6.9215,8.5763,0.5292,7.0242,7.1847,8.5222,10.7912,8.1103,2.6919,7.7183,13.0199,8.3800,10.8440,12.5426,11.2664,12.6504,8.0016,12.2478,12.6618,6.7445,12.2899,10.4263,11.9975,11.8553,14.1691,11.4996,12.3680,0.0000,6.6776,9.4739,6.9393,8.4684,7.0242,0.5292,11.5967,7.8563,8.8104,9.0657,10.0953,3.3348,7.0429,12.1250,3.8408,10.4916,5.7358,8.2614,4.5717,8.3620,7.3136,9.9379,6.8646,6.4235,8.3777,7.8032,11.7309,14.1691,12.7751,11.9235,11.7493,9.6276,7.4765,0.5292,7.3323,11.7529,11.0144,14.2525
Khach hang 63,7.7403,9.5524,6.1880,8.9121,6.8963,6.8497,2.1368,1.8156,7.9862,7.7406,11.5680,10.2849,12.2799,9.8501,9.2283,3.0742,3.1687,7.3150,9.7481,2.9747,11.0352,3.3911,12.7856,6.1145,10.5503,12.7453,10.3529,8.0205,13.3043,0.0000,10.4935,8.7048,13.3043,3.2321,2.9934,6.4301,1.8988,6.7738,12.7856,3.6461,1.8446,11.8057,7.9503,4.4749,3.4051,6.7706,10.3837,11.8585,8.4937,4.1438,6.4012,9.1116,7.9312,6.4126,12.5059,13.3043,11.4407,10.5254,12.8698,4.8236,12.5141,13.3824,6.6776,0.0000,9.4534,3.7789,1.8247,12.7856,6.7738,12.6111,3.2672,9.8248,9.2632,11.1098,7.2673,9.0466,5.8758,4.5177,5.9127,11.4972,9.2759,3.9665,6.7254,4.4166,9.3731,0.2255,6.5278,6.8585,8.8176,12.7453,4.8236,10.9246,7.6701,12.7638,10.6420,3.6388,6.7738,9.3360,8.7179,12.0288,12.8027
Khach hang 64,2.8291,4.4220,13.0105,7.6422,9.6571,8.4931,7.5563,8.6933,2.3540,3.3525,3.0070,9.0150,3.7189,14.7146,2.7149,13.0023,12.9079,5.4536,8.4782,10.3561,15.8997,8.9971,9.4445,9.1313,1.5593,17.6098,6.7538,3.4445,18.1688,9.4573,6.4794,10.3482,18.1688,7.9924,6.1111,4.0683,10.4076,9.9676,9.4445,6.1748,10.3535,16.6702,13.9892,9.3861,12.6714,6.7902,5.2192,16.7229,5.1335,7.8586,8.0445,1.9768,5.1213,8.0559,9.2040,18.1688,16.3052,2.4580,17.7343,9.5633,17.3786,18.2469,9.4384,9.4573,0.0000,5.9294,9.8480,9.4445,9.9676,17.4756,12.8094,14.6893,14.9447,15.9743,6.1036,3.9722,7.6851,9.7197,3.8161,7.6938,14.1404,7.4330,3.7129,6.3037,0.2849,9.1254,3.8714,2.9827,13.6821,17.6098,9.5633,3.0338,5.7696,17.6283,15.5065,6.4666,9.9676,4.2616,3.5892,16.8933,4.2417
Khach hang 65,4.1169,7.6835,7.1893,5.2493,7.1580,6.9766,1.8124,2.7976,4.4958,5.9072,8.4525,6.6220,9.1643,10.4750,6.3133,7.1066,7.0122,3.6522,6.0853,6.6573,11.6601,4.0383,9.1227,4.8917,7.0586,13.3702,6.6900,6.1515,13.9292,3.7789,6.8306,8.8317,13.9292,2.4239,3.1203,2.7673,5.5814,7.4685,9.1227,0.3615,5.5273,12.4305,9.7496,5.1464,6.7757,6.8975,6.7209,12.4833,6.6248,5.1441,6.5280,5.4487,6.0622,6.5394,8.8430,13.9292,12.0656,7.4321,13.4946,8.0468,13.1390,14.0073,6.9393,3.7789,5.5918,0.0000,5.0217,9.1227,7.4685,13.2360,6.9137,10.4497,10.7050,11.7347,3.6045,5.3838,6.0027,5.4801,4.0438,7.8343,9.9008,2.5030,3.1800,1.1912,5.3726,3.9006,2.8650,3.1957,9.4425,13.3702,8.0468,8.2097,5.8012,13.3886,11.2669,0.6533,7.4685,5.6731,6.8490,12.6537,9.6872
Khach hang 66,8.1309,9.9431,7.8011,9.9019,8.6871,5.7718,3.5585,3.6064,8.3769,8.1313,11.9586,11.2746,12.6705,11.4633,9.6190,4.6874,4.7818,8.3047,10.7378,2.7077,12.6484,5.1819,13.7753,7.9054,10.9409,14.3585,11.3426,8.4111,14.9175,1.8247,11.4832,6.3504,14.9175,4.6538,3.5252,7.4199,1.6318,8.5647,13.7753,4.8890,1.5776,13.4188,9.5635,6.2657,5.0183,7.3024,11.3734,13.4716,8.8844,4.6755,5.4330,10.1013,8.3218,5.4216,13.4956,14.9175,13.0539,10.9160,14.4829,4.5566,14.1272,14.9956,8.4684,1.8247,9.8440,5.0217,0.0000,13.7753,8.5647,14.2243,4.8803,11.4380,10.8764,12.7229,8.2570,10.0364,6.4076,6.3086,6.3034,12.4869,10.8891,5.3882,7.1161,4.8073,9.7638,1.6039,7.5175,7.8483,10.4308,14.3585,4.5566,11.3153,8.0608,14.3769,12.2552,4.4598,8.5647,10.3257,9.1086,13.6420,13.1934
Khach hang 67,9.8314,12.9606,12.9781,4.0367,7.2429,15.2824,11.4836,11.8043,9.7567,11.6218,13.3926,3.6980,14.1045,14.6822,11.2534,13.8957,13.8013,6.4046,3.3906,15.4109,15.8673,10.8791,0.0000,8.6428,11.9988,17.5774,3.2209,11.5909,18.1364,12.7856,5.0383,17.1375,18.1364,11.1857,11.4261,8.1321,14.3350,7.5535,0.0000,9.3682,14.2808,16.6377,13.9568,8.1022,13.5648,15.2033,9.0537,16.6905,13.0751,13.4499,14.8339,8.3764,12.7803,14.8452,0.6639,18.1364,16.2728,12.3723,17.7018,16.3526,17.3461,18.2145,7.0242,12.7856,9.8487,9.1227,13.7753,0.0000,7.5535,17.4432,13.7028,14.6569,14.9122,15.9418,5.6424,6.9181,14.3085,9.6873,11.0241,2.9318,14.1079,10.6264,10.5455,9.4970,10.3128,13.0527,7.1166,8.9102,13.6497,17.5774,16.3526,13.1499,12.9776,17.5958,15.4741,9.6600,7.5535,6.6266,12.1277,16.8609,14.6273
Khach hang 68,9.8281,13.1149,7.2278,3.7623,0.7479,13.6282,6.4307,5.2608,10.2070,11.6185,13.5470,5.0527,14.2589,8.9319,11.4078,8.1454,8.0510,4.8565,4.3282,11.1804,10.1170,5.1288,7.5535,5.1327,12.1531,11.8271,7.0381,11.7453,12.3861,6.7738,8.9716,15.4833,12.3861,5.4741,9.7718,7.4508,8.6726,0.0000,7.5535,7.7139,8.6185,10.8875,8.2065,3.1034,7.8145,13.5491,8.9092,10.9402,13.0718,11.7956,13.1796,8.5308,12.7771,13.1910,7.2737,12.3861,10.5225,12.5267,11.9516,14.6983,11.5959,12.4642,0.5292,6.7738,10.0031,7.4685,8.5647,7.5535,0.0000,11.6929,7.9525,8.9066,9.1620,10.1916,3.8640,7.5722,12.6543,3.9370,11.0208,6.2650,8.3577,4.6680,8.8913,7.8428,10.4671,6.9608,6.9527,8.9070,7.8994,11.8271,14.6983,13.3043,12.4527,11.8456,9.7238,8.0057,0.0000,7.8615,12.2821,11.1106,14.7817
Khach hang 69,17.7249,19.5371,6.8846,14.8369,13.0825,18.4652,12.1214,10.9516,17.9708,17.7253,21.5526,16.2096,22.2645,6.5598,19.2130,9.4537,9.3592,14.1792,15.6729,13.8785,6.4032,12.1210,18.7103,12.3008,20.5349,1.0337,20.1202,18.0051,0.8609,12.5279,20.2608,18.6085,0.8609,11.8972,14.6089,16.1975,13.6807,12.9601,18.7103,13.4134,13.7098,0.7541,6.3063,10.6612,9.1228,18.3861,20.1511,4.4791,18.4784,16.6327,18.0166,18.8789,17.9158,18.0280,18.4306,0.8609,1.9869,20.5100,1.2214,16.8591,3.4723,0.9390,12.8638,12.5279,19.4380,13.5462,14.1411,18.7103,12.9601,0.0000,9.2607,6.5749,6.8302,5.2332,13.1867,18.8140,17.4913,9.2729,15.8974,17.4219,3.3352,12.5271,16.6102,14.4012,19.3578,12.5419,16.2952,16.6259,4.2516,1.0337,16.8591,20.9093,17.6548,3.4338,4.2963,13.6235,12.9601,19.1033,18.7026,3.9152,22.7874
Khach hang 70,11.0924,12.9045,2.9208,9.8293,8.0750,8.9050,5.4889,4.3190,11.3383,11.0927,14.9201,11.2020,15.6320,6.5830,12.5804,0.1929,0.0985,10.4498,10.6653,4.6178,7.7680,5.4884,13.7028,7.2932,13.9024,9.4782,13.4877,11.3726,10.0372,3.2672,13.6283,9.3478,10.0372,5.2647,7.9763,9.5649,4.4200,7.9525,13.7028,6.7809,4.4491,8.5385,4.6831,5.6536,0.1380,10.8399,13.5185,8.5913,11.8458,8.7839,8.5661,12.2464,11.2833,8.5547,13.4230,10.0372,8.1735,13.8775,9.6026,7.5984,9.2469,10.1152,7.8563,3.2672,12.8055,6.9137,4.8803,13.7028,7.9525,9.3439,0.0000,6.5577,5.9960,7.8426,8.1792,12.1814,9.9451,4.4966,9.2648,12.4143,6.0087,5.8946,9.9776,7.7687,12.7252,3.2811,9.6626,9.9933,5.5504,9.4782,7.5984,14.2767,11.0222,9.4966,7.3749,6.9910,7.9525,12.4708,12.0700,8.7616,16.1548
Khach hang 71,14.8262,16.6383,3.9693,12.4145,10.6601,15.5664,9.2227,8.0528,15.0721,14.8265,18.6539,13.7872,19.3658,0.5971,16.3142,6.5329,6.4385,14.1836,13.2505,10.9578,1.7822,9.2222,16.2879,9.8784,17.6362,7.1926,17.2215,15.1064,7.7516,9.6072,17.3621,15.6878,7.7516,8.9985,11.7101,13.2987,10.7600,10.5376,16.2879,10.5147,10.7891,6.2530,1.9261,8.2387,6.2020,15.4874,17.2523,2.6055,15.5796,13.7339,15.1179,15.9802,15.0171,15.1293,16.0082,7.7516,5.8880,17.6113,6.1003,13.9384,3.5206,7.8297,10.4414,9.6072,16.5393,10.6475,11.2203,16.2879,10.5376,7.0584,6.3400,0.0000,0.2553,1.8568,10.7643,15.9152,14.5925,6.8504,12.9986,14.9995,4.1160,9.6284,13.7114,11.5025,16.4590,9.6211,13.3964,13.7271,3.0952,7.1926,13.9384,18.0105,14.7560,3.5024,2.7704,10.7248,10.5376,16.2046,15.8038,3.7116,19.8886
Khach hang 72,14.6017,16.4139,3.7449,12.1900,10.4356,15.3420,8.9982,7.8284,14.8476,14.6021,18.4294,13.5627,19.1413,0.3418,16.0898,6.3085,6.2140,13.9592,13.0260,10.7334,1.5269,8.9978,16.0634,9.6539,17.4117,6.9373,16.9970,14.8819,7.4963,9.3827,17.1376,15.4634,7.4963,8.7740,11.4857,13.0743,10.5355,10.3132,16.0634,10.2902,10.5646,5.9976,1.7016,8.0143,5.9776,15.2629,17.0279,2.3501,15.3552,13.5095,14.8934,15.7557,14.7926,14.9048,15.7837,7.4963,5.6327,17.3868,5.8449,13.7139,3.2652,7.5744,10.2169,9.3827,16.3148,10.4230,10.9959,16.0634,10.3132,6.8031,6.1155,0.4563,0.0000,1.6014,10.5398,15.6908,14.3681,6.6260,12.7742,14.7750,3.8606,9.4039,13.4870,11.2780,16.2346,9.3967,13.1720,13.5027,2.8398,6.9373,13.7139,17.7861,14.5316,3.2470,2.5151,10.5003,10.3132,15.9801,15.5794,3.4562,19.6641
Khach hang 73,16.2711,18.0833,5.4308,13.3831,11.6287,17.0114,10.6677,9.4978,16.5171,16.2715,20.0989,14.7558,20.8107,1.3673,17.7592,7.9999,7.9054,12.7254,14.2191,12.4248,1.2106,10.6672,17.2566,10.8470,19.0811,5.3359,18.6665,16.5513,5.8949,11.0741,18.8070,17.1548,5.8949,10.4435,13.1551,14.7437,12.2269,11.5063,17.2566,11.9597,12.2560,4.3962,3.3083,9.2074,7.6690,16.9323,18.6973,0.7487,17.0246,15.1789,16.5628,17.4252,16.4620,16.5742,16.9768,5.8949,4.0312,19.0562,4.2435,15.4053,1.6638,5.9729,11.4101,11.0741,17.9842,12.0924,12.6873,17.2566,11.5063,5.2016,7.8069,1.3823,1.6376,0.0000,11.7329,17.3602,16.0375,7.8191,14.4436,15.9681,4.0594,11.0734,15.1564,12.9475,17.9040,11.0881,14.8414,15.1721,2.1440,5.3359,15.4053,19.4555,16.2010,1.6456,0.9137,12.1697,11.5063,17.6496,17.2488,1.8548,21.3336
Khach hang 74,5.9641,9.2509,7.4545,1.7690,3.5535,9.7642,5.9653,6.2861,6.3431,7.7545,9.6830,3.1417,10.3949,9.1586,7.5438,8.3721,8.2776,0.9925,2.6050,9.8926,10.3436,5.3555,5.6424,3.1192,8.2891,12.0538,4.9670,7.8813,12.6128,7.2673,5.1076,11.6193,12.6128,5.6675,5.9078,3.5868,8.8167,3.8640,5.6424,3.8499,8.7626,11.1141,8.4332,2.5786,8.0412,9.6851,5.0452,11.1669,9.2078,7.9317,9.3156,4.6668,8.9131,9.3270,5.3627,12.6128,10.7491,8.6627,12.1782,10.8343,11.8225,12.6908,3.3348,7.2673,6.1391,3.6045,8.2570,5.6424,3.8640,11.9195,8.1792,9.1333,9.3886,10.4182,0.0000,3.7082,8.7903,4.1637,7.1568,4.3540,8.5843,5.1081,5.0273,3.9788,6.6031,7.5345,3.0887,5.0430,8.1261,12.0538,10.8343,9.4403,8.5887,12.0722,9.9505,4.1417,3.8640,3.9975,8.4181,11.3372,10.9177
Khach hang 75,5.4723,8.1879,11.1779,5.2621,7.2769,11.5467,7.7479,8.0687,4.9840,6.5860,6.8200,6.7622,7.5319,12.8820,6.4808,12.3776,12.2832,3.0735,6.0981,11.6752,14.0671,8.4548,6.1476,6.0109,6.0608,15.7772,3.8276,6.8183,16.3362,9.0499,3.1825,13.4018,16.3362,7.4501,7.6904,3.7730,10.5993,7.5874,6.1476,5.6325,10.5451,14.8375,12.1566,6.3020,12.0467,9.6820,2.1519,14.8903,8.3670,9.7142,11.0982,2.0526,8.3548,11.1096,5.9071,16.3362,14.4726,6.2710,15.9016,12.6169,15.5459,16.4143,7.0582,9.0499,3.9676,5.3871,10.0396,6.1476,7.5874,15.6430,12.1847,12.8567,13.1120,14.1416,3.7234,0.0000,10.5728,7.8871,6.6650,4.3969,12.3078,6.8907,5.0325,5.7614,3.9420,9.3170,2.7575,4.0850,11.8495,15.7772,12.6169,6.8468,8.6185,15.7956,13.6739,5.9243,7.5874,0.2894,7.3551,15.0607,8.0547
Khach hang 76,5.9941,5.7704,11.1530,10.4538,12.3624,1.6223,5.6243,6.7614,6.2332,4.5770,8.4044,11.8265,8.1323,14.7609,5.8052,9.7656,9.8600,8.8566,11.2897,4.8650,15.9459,8.0021,14.3272,10.0962,7.9309,17.6561,11.8945,4.8569,18.2151,5.8945,12.3203,3.4774,18.2151,6.9735,3.6446,7.2723,5.3125,12.6729,14.3272,6.1304,5.3666,16.7164,12.8610,10.3509,10.7395,0.8948,12.2250,16.7692,3.8332,2.3676,1.1737,9.3955,3.4023,1.1851,14.0475,18.2151,16.3514,7.3617,17.7805,3.5706,17.4248,18.2931,12.1437,5.8945,7.7004,6.0214,6.4263,14.3272,12.6729,17.5218,9.9585,14.7355,14.4078,16.0205,8.8090,10.5883,0.0000,10.6846,4.0034,13.0388,14.1866,7.7356,6.0425,5.3592,7.6201,5.7037,8.0695,7.4523,13.7283,17.6561,3.5706,7.1426,3.5461,17.6745,15.5528,5.2693,12.6729,10.8776,4.9359,16.9395,8.6551
Khach hang 77,8.1434,12.0470,2.5600,6.0299,4.2756,10.5976,4.2539,3.0840,8.5223,9.9338,12.4790,7.4026,13.1909,5.1822,10.3399,4.6896,4.5951,5.3722,6.8659,8.0249,6.3673,3.1840,9.9034,3.4938,11.0852,8.0774,9.3468,10.6773,8.6364,4.5177,9.4874,12.4527,8.6364,3.5293,6.7413,6.7939,7.2608,4.1531,9.9034,6.0292,6.3623,7.1378,4.4568,1.8542,4.3587,10.5186,9.4250,7.1905,11.3871,8.7651,10.1491,9.4753,11.0923,10.1605,9.6236,8.6364,6.7728,11.4587,8.2019,11.0055,7.8462,8.7145,4.0569,4.5177,9.6183,5.7838,6.3086,9.9034,4.1531,7.9432,4.4966,5.1569,5.4123,6.4419,4.3798,8.0879,9.6237,0.0000,8.0298,8.6149,4.6080,2.7232,7.2066,6.1581,9.3992,4.7047,6.8916,7.2223,4.1497,8.0774,11.0055,12.2363,9.7872,8.0959,5.9741,6.3210,4.1531,8.3773,11.6113,7.3609,13.7138
Khach hang 78,2.0990,4.3574,9.5404,8.7978,10.7064,4.9485,4.0117,5.1488,2.3450,2.0982,6.2777,10.1705,6.9896,13.1482,4.0333,9.4578,9.3633,6.3245,9.6337,6.8115,14.3333,6.3894,11.3972,8.4402,4.9090,16.0434,7.9775,2.8254,16.6024,5.9127,8.4321,6.8036,16.6024,5.3609,2.5666,3.3772,6.8630,11.0169,11.3972,4.5178,6.8089,15.1038,11.2484,8.6949,9.1268,3.7589,8.0083,15.1566,3.2987,4.3141,4.4999,5.5073,2.7361,4.5113,11.1566,16.6024,14.7388,5.2574,16.1679,6.0187,15.8122,16.6805,10.4877,5.9127,3.8121,4.0438,6.3034,11.3972,11.0169,15.9092,9.2648,13.1229,12.7952,14.4079,7.1530,6.6712,3.9746,9.0286,0.0000,9.6464,12.5740,6.1230,1.8278,2.8525,3.7319,5.5808,4.3321,3.5572,12.1157,16.0434,6.0187,5.7296,2.4751,16.0619,13.9402,3.6567,11.0169,6.9606,3.5229,15.3269,7.5124
Khach hang 79,7.5530,10.6822,11.6897,2.7482,5.9545,13.9940,10.1952,10.5159,7.4783,9.3434,11.1143,2.4095,11.8262,13.3938,8.9751,12.6073,12.5128,5.1162,2.1022,14.1225,14.5788,9.5906,2.9318,7.3544,9.7204,16.2890,0.7731,9.3126,16.8480,11.4972,2.7600,15.8491,16.8480,9.8973,10.1377,5.8538,13.0465,6.2650,2.9318,8.0797,12.9924,15.3493,12.6684,6.8138,12.2764,11.7628,6.7753,15.4021,10.7967,12.1615,13.5454,6.0981,10.5019,13.5568,2.6520,16.8480,14.9843,10.0940,16.4134,15.0642,16.0577,16.9260,5.7358,11.4972,7.5704,7.8343,12.4869,2.9318,6.2650,16.1547,12.4143,13.3684,13.6238,14.6534,4.3540,4.6397,13.0201,8.3989,8.7457,0.0000,12.8195,9.3379,7.1133,8.2086,8.0344,11.7643,4.8382,6.6319,12.3612,16.2890,15.0642,10.8716,10.6993,16.3074,14.1857,8.3715,6.2650,4.3482,9.8494,15.5724,12.3490
Khach hang 80,14.3897,16.2018,3.5494,11.5017,9.7473,15.1300,8.7862,7.6164,14.6356,14.3901,18.2174,12.8744,18.9293,3.6965,15.8778,6.1185,6.0240,10.8440,12.3377,10.5433,4.8815,8.7858,15.3751,8.9656,17.1997,3.4694,16.7850,14.6699,4.0284,9.1927,16.9256,15.2733,4.0284,8.5620,11.2736,12.8623,10.3455,9.6249,15.3751,10.0782,10.3746,2.5298,2.9711,7.3259,5.7875,15.0509,16.8158,3.3168,15.1432,13.2975,14.6814,15.5437,14.5806,14.6928,15.0954,4.0284,2.1648,17.1748,3.5939,13.5239,3.2382,4.1065,9.5286,9.1927,16.1028,10.2110,10.8058,15.3751,9.6249,3.3352,5.9255,3.6712,3.9265,4.0709,9.8515,15.4788,14.1561,5.9377,12.5621,14.0867,0.0000,9.1919,13.2750,11.0660,16.0226,9.2067,12.9600,13.2907,0.9164,3.4694,13.5239,17.5740,14.3196,3.4879,3.1341,10.2883,9.6249,15.7681,15.3673,2.7529,19.4521
Khach hang 81,8.4254,9.7350,5.7606,6.3119,4.5576,8.6631,2.3194,2.0153,8.8043,7.9232,12.7610,7.6846,13.4729,7.4647,9.4109,6.0875,5.9931,5.6542,7.1479,8.7159,8.6498,1.5641,10.1854,3.7758,11.3672,10.3599,9.6288,8.2031,10.9189,3.9665,9.7693,10.5183,10.9189,0.9415,4.8068,7.0759,5.8653,4.4351,10.1854,2.7172,5.8112,9.4203,6.7394,2.1362,5.7566,8.5841,9.7070,9.4731,8.6763,6.8306,8.2146,9.7573,8.1138,8.2260,9.9056,10.9189,9.0553,10.7080,10.4844,9.7333,10.1287,10.9970,4.3389,3.9665,9.9003,2.8500,5.3882,10.1854,4.4351,10.2257,5.8946,7.4394,7.6948,8.7244,4.6617,8.3699,7.6892,2.4256,6.0953,8.8969,6.8905,0.0000,7.4886,3.9251,9.6812,4.0883,7.1736,7.5043,6.4322,10.3599,9.7333,11.1072,7.8527,10.3784,8.2566,2.7833,4.4351,8.6593,8.9005,9.6434,13.9957
Khach hang 82,0.9827,5.2851,10.2154,6.6938,8.6025,6.5048,5.4952,5.8159,1.3616,2.7730,6.1349,8.0665,6.8468,11.9195,3.9957,10.1249,10.0305,3.9907,7.5298,8.3678,13.1046,6.2020,9.4393,6.3362,4.7662,14.8147,6.3336,3.4725,15.3737,6.7972,6.4742,8.3599,15.3737,5.1973,3.3793,1.7332,8.3465,8.9130,9.4393,3.3797,8.2924,13.8751,11.1942,6.5910,9.7940,5.1924,6.3644,13.9279,4.2264,5.8704,6.0562,4.1663,3.9316,6.0676,9.1987,15.3737,13.5101,5.1146,14.9392,7.5750,14.5835,15.4518,8.3838,6.7972,3.6693,3.1343,7.7869,9.4393,8.9130,14.6805,9.9320,11.8942,12.1496,13.1792,5.0490,5.0273,6.0872,6.9246,1.8278,7.6885,11.3453,4.6379,0.0000,3.5086,3.5891,7.0643,2.6882,1.9133,10.8870,14.8147,7.5750,5.8922,3.6622,14.8332,12.7114,3.6715,8.9130,5.3167,4.4506,14.0982,7.3696
Khach hang 83,3.2874,6.4922,8.0443,5.6236,7.5322,6.3144,2.5156,3.6526,4.8701,4.6804,8.5078,6.9963,9.2197,10.8493,6.1681,7.9616,7.8672,4.0265,6.4596,6.4428,12.0344,4.8933,9.4970,5.2660,7.4329,13.7445,7.0643,4.9603,14.3035,4.4166,7.2049,8.1695,14.3035,3.8648,1.7881,3.1416,5.3669,7.8428,9.4970,1.4367,5.3128,12.8048,10.1239,5.5207,7.6307,6.2353,7.0952,12.8576,5.4335,4.4819,5.8658,5.8230,4.8710,5.8772,9.2173,14.3035,12.4399,7.4652,13.8689,7.3846,13.5132,14.3816,7.3136,4.4166,5.9661,1.1912,4.8073,9.4970,7.8428,13.6103,7.7687,10.8240,11.0793,12.1090,3.9788,5.7581,5.3405,5.8544,2.8525,8.2086,10.2751,3.1159,3.5543,0.0000,5.7469,4.0847,3.2393,3.5700,9.8168,13.7445,7.3846,7.8644,4.6100,13.7629,11.6412,1.1157,7.8428,6.0474,5.6577,13.0280,9.7425
Khach hang 84,2.7986,4.3914,12.5868,7.6167,9.6315,8.4625,7.5257,8.6628,2.3235,3.3220,3.1373,8.9894,3.8492,14.2909,2.6843,12.9718,12.8773,5.4280,8.4526,10.3255,15.4760,8.5734,9.4189,8.7076,1.6897,17.1862,6.7282,3.4140,17.7452,9.4267,6.4538,10.3176,17.7452,7.5687,6.0806,3.6446,10.3771,9.9420,9.4189,5.7512,10.3229,16.2465,13.5656,8.9624,12.6409,6.7597,5.1936,16.2993,5.1030,7.8281,8.0139,1.9512,5.0907,8.0253,9.1784,17.7452,15.8815,2.5884,17.3106,9.5327,16.9549,17.8232,9.4128,9.4267,0.2849,5.5057,9.8174,9.4189,9.9420,17.0519,12.7788,14.2656,14.5210,15.5506,6.0780,3.9467,7.6545,9.2961,3.7855,7.6682,13.7167,7.0094,3.2832,5.8800,0.0000,9.0948,3.8458,2.5590,13.2584,17.1862,9.5327,3.1642,5.7390,17.2046,15.0829,6.0430,9.9420,4.2360,3.5586,16.4696,4.3721
Khach hang 85,7.4083,9.2205,6.2019,9.1793,7.0832,6.6589,2.2585,2.0026,7.6543,7.4087,11.2361,10.5520,11.9479,9.8641,8.8964,3.0882,3.1827,7.5821,10.0152,2.9479,11.0492,3.5781,13.0527,6.3015,10.2183,12.7593,10.6200,7.6885,13.3183,0.2255,10.7606,8.5140,13.3183,3.3538,2.8026,6.6973,1.8720,6.9608,13.0527,3.7678,1.8179,11.8196,7.9643,4.6619,3.4191,6.5798,10.6508,11.8724,8.1618,3.9529,6.2103,9.3787,7.5992,6.2217,12.7730,13.3183,11.4547,10.1934,12.8837,4.7968,12.5280,13.3964,6.8646,0.2255,9.1214,3.9006,1.6039,13.0527,6.9608,12.6251,3.2811,9.8388,9.2772,11.1238,7.5345,9.3138,5.6850,4.7047,5.5808,11.7643,9.2899,4.0883,6.3935,4.0847,9.0412,0.0000,6.7950,7.1257,8.8316,12.7593,4.7968,10.5927,7.3382,12.7777,10.6560,3.7606,6.9608,9.6031,8.3860,12.0428,12.4708
Khach hang 86,3.1696,7.0732,9.9461,4.5961,6.6109,9.0247,5.2258,5.5466,3.5485,4.9600,7.5052,5.9688,8.2171,11.6502,5.3660,9.8556,9.7611,2.4075,5.4321,9.1531,12.8353,5.9327,7.1662,4.9722,6.1114,14.5454,4.0604,5.7035,15.1044,6.5278,4.2010,10.8798,15.1044,4.9280,5.1683,1.4704,8.0772,6.9214,7.1662,3.1104,8.0231,13.6057,10.9248,6.3216,9.5247,7.3794,4.0913,13.6585,6.4133,7.1922,8.5761,2.4188,6.1185,8.5875,6.9256,15.1044,13.2408,6.4849,14.6698,10.0948,14.3141,15.1825,6.3922,6.5278,3.8910,2.8650,7.5175,7.1662,6.9214,14.4112,9.6626,11.6249,11.8802,12.9099,3.0574,2.7542,8.0508,6.6553,4.3623,5.4154,11.0760,4.3686,2.7299,3.2393,4.4254,6.7950,0.0000,2.2485,10.6177,14.5454,10.0948,7.2625,6.3159,14.5638,12.4421,3.4022,6.9214,3.0435,6.6375,13.8289,8.7400
Khach hang 87,1.3902,5.0891,10.2312,6.7096,8.6183,8.1638,5.5110,5.8317,1.5467,3.1487,5.5212,8.0823,6.2331,11.9353,3.3820,10.1407,10.0462,4.2364,7.5456,10.0268,13.1204,6.2178,8.4074,6.3520,4.1274,14.8305,5.8893,3.3809,15.3895,6.8129,5.4423,10.0189,15.3895,5.2131,5.4535,1.2890,8.3623,8.9288,8.4074,3.3955,8.3082,13.8909,11.2099,6.6068,9.8098,6.5038,5.3253,13.9436,4.9296,7.4773,7.7152,2.5175,4.9174,7.7266,8.1669,15.3895,13.5259,4.5009,14.9549,9.2340,14.5993,15.4676,8.3996,6.8129,2.6605,3.1501,7.8027,8.4074,8.9288,14.6963,9.9478,11.9100,12.1654,13.1950,5.0648,3.9882,7.3986,6.9404,3.4868,6.6567,11.3611,4.6537,1.8543,3.5244,2.4414,7.0801,2.2439,0.0000,10.9028,14.8305,9.2340,5.2785,5.4403,14.8490,12.7272,3.6873,8.9288,4.2776,4.2563,14.1140,6.7559
Khach hang 88,13.9314,15.7436,3.0911,11.0434,9.2890,14.6717,8.3280,7.1581,14.1774,13.9318,17.7591,12.4161,18.4710,3.2382,15.4195,5.6602,5.5657,10.3857,11.8794,10.0850,3.3078,8.3275,14.9168,8.5073,16.7414,4.3858,16.3268,14.2116,4.9448,8.7344,16.4673,14.8151,4.9448,8.1038,10.8154,12.4040,9.8872,9.1666,14.9168,9.6200,9.9163,3.4462,2.5128,6.8677,5.3293,14.5926,16.3576,2.8865,14.6849,12.8392,14.2231,15.0854,14.1223,14.2345,14.6371,4.9448,3.0812,16.7165,4.5103,13.0656,4.1546,5.0229,9.0703,8.7344,15.6445,9.7527,10.3476,14.9168,9.1666,4.2516,5.4672,3.2129,3.4682,2.1378,9.3932,15.0205,13.6978,5.4794,12.1039,13.6284,0.9164,8.7337,12.8167,10.6078,15.5643,8.7484,12.5017,12.8324,0.0000,4.3858,13.0656,17.1158,13.8613,4.4043,1.7644,9.8300,9.1666,15.3098,14.9091,3.6693,18.9939
Khach hang 89,17.8591,19.6713,7.0189,14.9711,13.2168,18.5994,12.2557,11.0858,18.1051,17.8595,21.6869,16.3438,22.3988,6.6941,19.3472,9.5879,9.4934,14.3134,15.8071,14.0128,6.5374,12.2552,18.8446,12.4350,20.6692,0.0000,20.2545,18.1394,0.6198,12.6621,20.3951,18.7428,0.6198,12.0315,14.7431,16.3317,13.8149,13.0943,18.8446,13.5477,13.8440,1.0785,6.4405,10.7954,9.2570,18.5203,20.2853,4.6133,18.6126,16.7669,18.1509,19.0132,18.0500,18.1623,18.5648,0.6198,1.8364,20.6443,2.4699,16.9933,3.6065,0.6978,12.9981,12.6621,19.5723,13.6805,14.2753,18.8446,13.0943,1.0337,9.3950,6.7091,6.9644,5.3674,13.3210,18.9482,17.6255,9.4071,16.0316,17.5561,3.4694,12.6614,16.7444,14.5355,19.4920,12.6761,16.4294,16.7601,4.3858,0.0000,16.9933,21.0435,17.7890,3.5681,4.4306,13.7577,13.0943,19.2376,18.8368,4.0494,22.9216
Khach hang 90,7.8497,9.3409,10.4916,12.4725,14.3811,1.9585,7.6430,8.7801,8.0956,8.1476,11.9749,13.8452,11.7029,14.1538,9.3758,7.3778,7.4723,10.8754,13.3085,2.4773,15.3388,10.0208,16.3459,12.1149,10.6597,17.0490,13.9132,8.4274,17.6080,4.8236,14.0538,1.8196,17.6080,8.9922,5.6634,9.9905,2.9248,14.6917,16.3459,8.1491,2.9789,16.1093,12.2539,12.3696,7.7088,4.4654,13.9440,16.1621,7.4038,2.9105,2.3969,11.2579,6.9729,2.4082,16.0662,17.6080,15.7443,10.9323,17.1734,0.0000,16.8177,17.6860,14.1624,4.8236,9.5628,8.0401,4.5566,16.3459,14.6917,16.9147,7.5708,14.1284,13.5668,15.4134,10.8277,12.6070,3.5706,12.7033,6.0221,15.0575,13.5795,9.7543,7.5784,7.3779,9.4825,4.7968,10.0882,9.3078,13.1212,17.0490,0.0000,10.7132,7.1167,17.0674,14.9457,7.2880,14.6917,12.8963,8.5064,16.3324,12.2257
Khach hang 91,5.0339,1.6305,14.4977,10.9920,13.0068,8.7562,8.9690,10.1061,4.5588,4.1855,1.5960,12.3648,1.8353,16.9396,2.0808,14.4151,14.3206,8.8034,11.8280,11.7688,18.1247,11.3467,12.7943,11.3563,2.6661,19.8348,10.1036,3.5300,20.3938,10.8700,9.8292,10.6113,20.3938,10.3182,7.5239,6.2933,11.8203,13.3174,12.7943,8.3998,11.7662,18.8951,16.2142,11.6110,14.0841,6.2391,6.9602,18.9479,3.6962,9.2714,8.3077,4.8347,3.9716,8.3191,12.5538,20.3938,18.5302,1.3487,19.9592,10.7045,19.6035,20.4719,12.7882,10.8700,3.0125,8.1544,11.2607,12.7943,13.3174,19.7006,14.2221,16.9143,17.1696,18.1992,9.4534,6.8301,7.1339,11.9447,5.6750,11.0435,16.3653,9.6580,5.9177,7.8098,3.1428,10.5381,7.2482,5.2076,15.9071,19.8348,10.7045,0.0000,5.9243,19.8532,17.7315,8.6140,13.3174,7.1195,2.4582,19.1183,2.3581
Khach hang 92,4.0515,4.6736,11.2979,10.2336,12.1422,5.1841,5.7691,6.9062,4.2974,2.8618,6.6892,11.6063,7.4011,14.9057,4.3495,11.2152,11.1207,8.2770,11.0695,8.4268,16.0907,8.1469,13.3496,9.8760,6.2157,17.8009,9.9300,3.1417,18.3599,7.6701,10.3845,7.0392,18.3599,7.1183,4.3240,5.3296,8.8744,12.4527,13.3496,6.2752,8.5663,16.8612,13.0058,10.1307,10.8843,2.6670,9.9608,16.9140,2.7538,5.9294,4.7356,7.4597,2.3229,4.7470,13.1091,18.3599,16.4962,5.6466,17.9253,7.1324,17.5696,18.4379,11.9235,7.6701,5.7646,5.8012,8.0608,13.3496,12.4527,17.6666,11.0222,14.8804,14.5526,16.1653,8.5887,8.6237,3.5618,10.4644,2.4751,11.5989,14.3314,7.8804,4.0999,4.6100,5.6843,7.3382,6.2845,5.5096,13.8732,17.8009,7.1324,6.0458,0.0000,17.8193,15.6976,5.4141,12.4527,8.9130,3.8391,17.0843,7.9239
Khach hang 93,17.9032,19.7153,7.0629,15.0151,13.2608,18.6434,12.2997,11.1298,18.1491,17.9035,21.7309,16.3879,22.4428,3.0093,19.3912,9.6319,9.5375,14.3574,15.8511,14.0568,2.8527,12.2992,18.8886,12.4790,20.7132,3.5668,20.2985,18.1834,4.1258,12.7061,20.4391,18.7868,4.1258,12.0755,14.7871,16.3757,13.8589,13.1383,18.8886,13.5917,13.8880,2.6271,4.9504,10.8394,9.3010,18.5643,20.3293,0.9286,18.6566,16.8109,18.1949,19.0572,18.0940,18.2063,18.6089,4.1258,3.4853,20.6883,2.5979,17.0373,0.2676,4.2038,13.0421,12.7061,19.6163,13.7245,14.3193,18.8886,13.1383,3.4325,9.4390,3.0244,3.2797,1.6827,13.3650,18.9922,17.6695,9.4511,16.0756,17.6002,3.5135,12.7054,16.7884,14.5795,19.5360,12.7201,16.4734,16.8041,4.4298,3.5668,17.0373,21.0875,17.8330,0.0000,2.0237,13.8017,13.1383,19.2816,18.8808,0.7769,22.9656
Khach hang 94,15.6778,17.4900,4.8375,12.7898,11.0354,16.4181,10.0743,8.9045,15.9237,15.6782,19.5055,14.1625,20.2174,2.2403,17.1659,7.4066,7.3121,12.1321,13.6258,11.8314,2.0837,10.0739,16.6632,10.2537,18.4878,4.4604,18.0731,15.9580,5.0194,10.4808,18.2137,16.5614,5.0194,9.8501,12.5618,14.1504,11.6336,10.9130,16.6632,11.3663,11.6627,3.5207,4.1814,8.6141,7.0756,16.3390,18.1040,1.1249,16.4313,14.5856,15.9695,16.8318,15.8687,15.9809,16.3835,5.0194,3.1558,18.4629,3.4369,14.8120,1.7449,5.0975,10.8167,10.4808,17.3909,11.4991,12.0940,16.6632,10.9130,4.3262,7.2136,2.2553,2.5107,0.9137,11.1396,16.7669,15.4442,7.2258,13.8503,15.3748,3.1839,10.4800,14.5631,12.3541,17.3107,10.4948,14.2481,14.5788,1.7707,4.4604,14.8120,18.8622,15.6077,1.9946,0.0000,11.5764,10.9130,17.0562,16.6555,1.2596,20.7402
Khach hang 95,4.6541,7.2964,7.2666,5.7865,7.6952,6.2245,1.7378,2.8749,5.0330,5.4846,8.9897,7.1592,9.7016,9.7851,6.8505,7.1839,7.0894,4.1894,6.6225,6.0954,10.9702,4.1156,9.6600,6.0962,7.5958,12.6804,7.2273,5.7645,13.2394,3.6388,7.3679,8.0797,13.2394,2.3573,2.3682,3.3045,5.0195,8.0057,9.6600,0.5205,4.9654,11.7407,8.9745,4.4566,6.8530,6.1455,7.2581,11.7935,6.2377,4.3920,5.7760,5.9860,5.6752,5.7874,9.3802,13.2394,11.3757,7.9694,12.8048,7.2947,12.4491,13.3174,7.4765,3.6388,6.1290,0.6533,4.4598,9.6600,8.0057,12.5461,6.9910,9.7598,10.0152,11.0448,4.1417,5.9210,5.2506,4.7460,3.6567,8.3715,9.2109,2.4764,3.7172,1.1157,5.9098,3.7606,3.4022,3.7329,8.7526,12.6804,7.2947,8.6686,5.4141,12.6988,10.5771,0.0000,8.0057,6.2104,6.4619,11.9638,10.2244
Khach hang 96,9.8281,13.1149,7.2278,3.7623,0.7479,13.6282,6.4307,5.2608,10.2070,11.6185,13.5470,5.0527,14.2589,8.9319,11.4078,8.1454,8.0510,4.8565,4.3282,11.1804,10.1170,5.1288,7.5535,5.1327,12.1531,11.8271,7.0381,11.7453,12.3861,6.7738,8.9716,15.4833,12.3861,5.4741,9.7718,7.4508,8.6726,0.0000,7.5535,7.7139,8.6185,10.8875,8.2065,3.1034,7.8145,13.5491,8.9092,10.9402,13.0718,11.7956,13.1796,8.5308,12.7771,13.1910,7.2737,12.3861,10.5225,12.5267,11.9516,14.6983,11.5959,12.4642,0.5292,6.7738,10.0031,7.4685,8.5647,7.5535,0.0000,11.6929,7.9525,8.9066,9.1620,10.1916,3.8640,7.5722,12.6543,3.9370,11.0208,6.2650,8.3577,4.6680,8.8913,7.8428,10.4671,6.9608,6.9527,8.9070,7.8994,11.8271,14.6983,13.3043,12.4527,11.8456,9.7238,8.0057,0.0000,7.8615,12.2821,11.1106,14.7817
Khach hang 97,5.7320,8.4476,11.4376,5.5218,7.5366,11.8064,8.0076,8.3283,5.2437,6.8457,7.0797,6.4729,7.7916,13.1417,6.7405,12.6373,12.5429,3.3332,6.1656,11.9349,14.3268,8.7145,5.8583,6.2706,6.3205,16.0369,3.5382,7.0780,16.5959,9.3096,2.8932,13.6615,16.5959,7.7098,7.9501,4.0327,10.8590,7.8471,5.8583,5.8922,10.8048,15.0972,12.4163,6.5617,12.3064,9.9417,2.4116,15.1500,8.6267,9.9739,11.3579,2.3123,8.6145,11.3693,5.6177,16.5959,14.7323,6.5307,16.1613,12.8766,15.8056,16.6740,7.3179,9.3096,4.2273,5.6468,10.2993,5.8583,7.8471,15.9027,12.4444,13.1164,13.3717,14.4013,3.9831,0.2915,10.8325,8.1468,6.9247,4.1075,12.5675,7.1504,5.2922,6.0210,4.2017,9.5767,3.0172,4.3447,12.1092,16.0369,12.8766,7.1065,8.8782,16.0553,13.9336,6.1840,7.8471,0.0000,7.6148,15.3204,8.3144
Khach hang 98,3.3837,1.3939,12.7100,9.9267,11.9415,6.9685,7.1813,8.3184,2.9086,2.0863,3.1446,11.2994,3.3840,15.8742,1.1324,12.6274,12.5329,7.7380,10.7626,9.9811,17.0593,9.5590,11.7289,10.2909,3.4891,18.7694,9.0382,1.0953,19.3284,9.0823,8.7638,8.8236,19.3284,8.5305,5.7362,5.2279,10.0326,12.2520,11.7289,7.3344,9.9785,17.8297,14.4180,10.5457,12.2964,4.4514,7.7831,17.8825,2.3249,7.4837,6.5200,5.4357,2.6003,6.5314,11.4884,19.3284,17.4648,2.3692,18.8938,8.9168,18.5382,19.4065,11.7228,9.0823,3.6135,7.0890,9.4730,11.7289,12.2520,18.6352,12.4344,15.8489,16.1042,17.1339,8.3880,7.3097,5.3463,10.8793,3.8873,9.9782,15.3000,8.5926,4.8589,6.0221,3.5333,8.7504,6.1828,4.1423,14.8417,18.7694,8.9168,2.2279,4.1366,18.7879,16.6661,6.8263,12.2520,7.5991,0.0000,18.0529,3.9068
Khach hang 99,17.1119,18.9241,6.2717,14.2239,12.4696,17.8522,11.5085,10.3386,17.3579,17.1123,20.9397,15.5966,21.6516,3.2027,18.6000,8.8407,8.7462,13.5662,15.0599,13.2656,3.0460,11.5080,18.0974,11.6878,19.9220,3.9987,19.5073,17.3922,4.5577,11.9149,19.6479,17.9956,4.5577,11.2843,13.9959,15.5845,13.0677,12.3471,18.0974,12.8005,13.0968,3.0591,5.6933,10.0482,8.5098,17.7731,19.5381,1.1219,17.8654,16.0197,17.4037,18.2660,17.3028,17.4151,17.8176,4.5577,2.6941,19.8971,2.4663,16.2461,0.5105,4.6358,12.2509,11.9149,18.8251,12.9333,13.5281,18.0974,12.3471,3.8645,8.6478,3.2177,3.4730,1.8760,12.5738,18.2010,16.8783,8.6599,15.2844,16.8089,2.7222,11.9142,15.9972,13.7883,18.7448,11.9289,15.6822,16.0129,3.6386,3.9987,16.2461,20.2963,17.0418,0.7614,1.2594,13.0105,12.3471,18.4904,18.0896,0.0000,22.1744
Khach hang 100,6.9312,4.2482,17.1327,12.8893,14.9041,10.9703,11.1830,12.3201,6.4561,6.1023,2.0958,14.2620,1.2772,18.8368,3.9203,16.6291,16.5346,10.7007,13.7253,13.9828,20.0219,13.5608,14.6915,13.2535,2.6063,21.7320,12.0008,5.4468,22.2910,13.0840,11.7264,12.8254,22.2910,12.5322,9.7379,8.1905,14.0344,15.2146,14.6915,10.2971,13.9802,20.7924,18.1115,13.5083,16.2982,8.4532,7.2179,20.8452,5.9102,11.4854,10.5217,5.6617,6.1856,10.5331,14.4510,22.2910,20.4274,3.1505,21.8565,12.9186,21.5008,22.3691,14.6854,13.0840,4.6530,10.0516,13.4747,14.6915,15.2146,21.5978,16.4362,18.8115,19.0669,20.0965,11.3506,8.4785,9.3480,13.8419,7.9181,12.9408,18.2626,11.5552,7.8149,10.0239,4.7833,12.7521,9.1455,7.1049,17.8043,21.7320,12.9186,2.6819,8.1383,21.7505,19.6287,10.5888,15.2146,8.7679,4.5439,21.0155,0.0000
